Time,CashRate,InterbankOvernightCashRate,CashRate_ReturnTotalIndex
04-Jan-2011,4.75,4.75,100.013014
05-Jan-2011,4.75,4.75,100.026029
06-Jan-2011,4.75,4.75,100.039046
07-Jan-2011,4.75,4.75,100.078103
10-Jan-2011,4.75,4.75,100.091126
11-Jan-2011,4.75,4.75,100.104152
12-Jan-2011,4.75,4.75,100.117179
13-Jan-2011,4.75,4.75,100.130208
14-Jan-2011,4.75,4.75,100.169300
17-Jan-2011,4.75,4.75,100.182336
18-Jan-2011,4.75,4.75,100.195373
19-Jan-2011,4.75,4.75,100.208412
20-Jan-2011,4.75,4.75,100.221453
21-Jan-2011,4.75,4.75,100.260581
24-Jan-2011,4.75,4.75,100.273628
25-Jan-2011,4.75,4.75,100.299727
27-Jan-2011,4.75,4.75,100.312780
28-Jan-2011,4.75,4.75,100.351943
31-Jan-2011,4.75,4.75,100.365002
01-Feb-2011,4.75,4.75,100.378064
02-Feb-2011,4.75,4.75,100.391126
03-Feb-2011,4.75,4.75,100.404191
04-Feb-2011,4.75,4.75,100.443390
07-Feb-2011,4.75,4.75,100.456461
08-Feb-2011,4.75,4.75,100.469534
09-Feb-2011,4.75,4.75,100.482609
10-Feb-2011,4.75,4.75,100.495686
11-Feb-2011,4.75,4.75,100.534920
14-Feb-2011,4.75,4.75,100.548004
15-Feb-2011,4.75,4.75,100.561089
16-Feb-2011,4.75,4.75,100.574175
17-Feb-2011,4.75,4.75,100.587264
18-Feb-2011,4.75,4.75,100.626534
21-Feb-2011,4.75,4.75,100.639629
22-Feb-2011,4.75,4.75,100.652726
23-Feb-2011,4.75,4.75,100.665825
24-Feb-2011,4.75,4.75,100.678925
25-Feb-2011,4.75,4.75,100.718232
28-Feb-2011,4.75,4.75,100.731339
01-Mar-2011,4.75,4.75,100.744448
02-Mar-2011,4.75,4.75,100.757558
03-Mar-2011,4.75,4.75,100.770670
04-Mar-2011,4.75,4.75,100.810012
07-Mar-2011,4.75,4.75,100.823132
08-Mar-2011,4.75,4.75,100.836252
09-Mar-2011,4.75,4.75,100.849375
10-Mar-2011,4.75,4.75,100.862499
11-Mar-2011,4.75,4.75,100.901877
14-Mar-2011,4.75,4.75,100.915008
15-Mar-2011,4.75,4.75,100.928141
16-Mar-2011,4.75,4.75,100.941275
17-Mar-2011,4.75,4.75,100.954411
18-Mar-2011,4.75,4.75,100.993825
21-Mar-2011,4.75,4.75,101.006968
22-Mar-2011,4.75,4.75,101.020113
23-Mar-2011,4.75,4.75,101.033259
24-Mar-2011,4.75,4.75,101.046408
25-Mar-2011,4.75,4.75,101.085857
28-Mar-2011,4.75,4.75,101.099012
29-Mar-2011,4.75,4.75,101.112169
30-Mar-2011,4.75,4.75,101.125327
31-Mar-2011,4.75,4.75,101.138487
01-Apr-2011,4.75,4.75,101.177973
04-Apr-2011,4.75,4.75,101.191140
05-Apr-2011,4.75,4.75,101.204309
06-Apr-2011,4.75,4.75,101.217479
07-Apr-2011,4.75,4.75,101.230651
08-Apr-2011,4.75,4.75,101.270173
11-Apr-2011,4.75,4.75,101.283352
12-Apr-2011,4.75,4.75,101.296533
13-Apr-2011,4.75,4.75,101.309715
14-Apr-2011,4.75,4.75,101.322899
15-Apr-2011,4.75,4.75,101.362457
18-Apr-2011,4.75,4.75,101.375648
19-Apr-2011,4.75,4.75,101.388840
20-Apr-2011,4.75,4.75,101.402035
21-Apr-2011,4.75,4.75,101.481212
27-Apr-2011,4.75,4.75,101.494418
28-Apr-2011,4.75,4.75,101.507626
29-Apr-2011,4.75,4.75,101.547256
02-May-2011,4.75,4.75,101.560471
03-May-2011,4.75,4.75,101.573688
04-May-2011,4.75,4.75,101.586906
05-May-2011,4.75,4.75,101.600127
06-May-2011,4.75,4.75,101.639792
09-May-2011,4.75,4.75,101.653020
10-May-2011,4.75,4.75,101.666248
11-May-2011,4.75,4.75,101.679479
12-May-2011,4.75,4.75,101.692711
13-May-2011,4.75,4.75,101.732413
16-May-2011,4.75,4.75,101.745652
17-May-2011,4.75,4.75,101.758893
18-May-2011,4.75,4.75,101.772136
19-May-2011,4.75,4.75,101.785380
20-May-2011,4.75,4.75,101.825118
23-May-2011,4.75,4.75,101.838369
24-May-2011,4.75,4.75,101.851622
25-May-2011,4.75,4.75,101.864877
26-May-2011,4.75,4.75,101.878133
27-May-2011,4.75,4.75,101.917908
30-May-2011,4.75,4.75,101.931171
31-May-2011,4.75,4.75,101.944436
01-Jun-2011,4.75,4.75,101.957703
02-Jun-2011,4.75,4.75,101.970971
03-Jun-2011,4.75,4.75,102.010782
06-Jun-2011,4.75,4.75,102.024057
07-Jun-2011,4.75,4.75,102.037334
08-Jun-2011,4.75,4.75,102.050613
09-Jun-2011,4.75,4.75,102.063894
10-Jun-2011,4.75,4.75,102.117023
14-Jun-2011,4.75,4.75,102.130312
15-Jun-2011,4.75,4.75,102.143603
16-Jun-2011,4.75,4.75,102.156896
17-Jun-2011,4.75,4.75,102.196779
20-Jun-2011,4.75,4.75,102.210078
21-Jun-2011,4.75,4.75,102.223380
22-Jun-2011,4.75,4.75,102.236683
23-Jun-2011,4.75,4.75,102.249988
24-Jun-2011,4.75,4.75,102.289907
27-Jun-2011,4.75,4.75,102.303219
28-Jun-2011,4.75,4.75,102.316532
29-Jun-2011,4.75,4.75,102.329847
30-Jun-2011,4.75,4.75,102.343164
01-Jul-2011,4.75,4.75,102.383120
04-Jul-2011,4.75,4.75,102.396444
05-Jul-2011,4.75,4.75,102.409770
06-Jul-2011,4.75,4.75,102.423097
07-Jul-2011,4.75,4.75,102.436426
08-Jul-2011,4.75,4.75,102.476418
11-Jul-2011,4.75,4.75,102.489754
12-Jul-2011,4.75,4.75,102.503092
13-Jul-2011,4.75,4.75,102.516431
14-Jul-2011,4.75,4.75,102.529772
15-Jul-2011,4.75,4.75,102.569801
18-Jul-2011,4.75,4.75,102.583149
19-Jul-2011,4.75,4.75,102.596499
20-Jul-2011,4.75,4.75,102.609851
21-Jul-2011,4.75,4.75,102.623204
22-Jul-2011,4.75,4.75,102.663269
25-Jul-2011,4.75,4.75,102.676630
26-Jul-2011,4.75,4.75,102.689992
27-Jul-2011,4.75,4.75,102.703355
28-Jul-2011,4.75,4.75,102.716721
29-Jul-2011,4.75,4.75,102.756823
01-Aug-2011,4.75,4.75,102.770195
02-Aug-2011,4.75,4.75,102.783569
03-Aug-2011,4.75,4.75,102.796945
04-Aug-2011,4.75,4.75,102.810323
05-Aug-2011,4.75,4.75,102.850461
08-Aug-2011,4.75,4.75,102.863846
09-Aug-2011,4.75,4.75,102.877232
10-Aug-2011,4.75,4.75,102.890620
11-Aug-2011,4.75,4.75,102.904010
12-Aug-2011,4.75,4.75,102.944185
15-Aug-2011,4.75,4.75,102.957582
16-Aug-2011,4.75,4.75,102.970981
17-Aug-2011,4.75,4.75,102.984381
18-Aug-2011,4.75,4.75,102.997783
19-Aug-2011,4.75,4.75,103.037994
22-Aug-2011,4.75,4.75,103.051404
23-Aug-2011,4.75,4.75,103.064814
24-Aug-2011,4.75,4.75,103.078227
25-Aug-2011,4.75,4.75,103.091641
26-Aug-2011,4.75,4.75,103.131889
29-Aug-2011,4.75,4.75,103.145311
30-Aug-2011,4.75,4.75,103.158734
31-Aug-2011,4.75,4.75,103.172158
01-Sep-2011,4.75,4.75,103.185585
02-Sep-2011,4.75,4.75,103.225870
05-Sep-2011,4.75,4.75,103.239303
06-Sep-2011,4.75,4.75,103.252738
07-Sep-2011,4.75,4.75,103.266175
08-Sep-2011,4.75,4.75,103.279614
09-Sep-2011,4.75,4.75,103.319936
12-Sep-2011,4.75,4.75,103.333381
13-Sep-2011,4.75,4.75,103.346829
14-Sep-2011,4.75,4.75,103.360278
15-Sep-2011,4.75,4.75,103.373729
16-Sep-2011,4.75,4.75,103.414087
19-Sep-2011,4.75,4.75,103.427545
20-Sep-2011,4.75,4.75,103.441005
21-Sep-2011,4.75,4.75,103.454467
22-Sep-2011,4.75,4.75,103.467930
23-Sep-2011,4.75,4.75,103.508325
26-Sep-2011,4.75,4.75,103.521795
27-Sep-2011,4.75,4.75,103.535267
28-Sep-2011,4.75,4.75,103.548741
29-Sep-2011,4.75,4.75,103.562216
30-Sep-2011,4.75,4.75,103.602648
03-Oct-2011,4.75,4.75,103.616131
04-Oct-2011,4.75,4.75,103.629615
05-Oct-2011,4.75,4.75,103.643101
06-Oct-2011,4.75,4.75,103.656589
07-Oct-2011,4.75,4.75,103.697058
10-Oct-2011,4.75,4.75,103.710552
11-Oct-2011,4.75,4.75,103.724049
12-Oct-2011,4.75,4.75,103.737547
13-Oct-2011,4.75,4.75,103.751047
14-Oct-2011,4.75,4.75,103.791553
17-Oct-2011,4.75,4.75,103.805060
18-Oct-2011,4.75,4.75,103.818569
19-Oct-2011,4.75,4.75,103.832080
20-Oct-2011,4.75,4.75,103.845592
21-Oct-2011,4.75,4.75,103.886134
24-Oct-2011,4.75,4.75,103.899654
25-Oct-2011,4.75,4.75,103.913175
26-Oct-2011,4.75,4.75,103.926698
27-Oct-2011,4.75,4.75,103.940223
28-Oct-2011,4.75,4.75,103.980802
31-Oct-2011,4.75,4.75,103.994334
01-Nov-2011,4.75,4.75,104.007867
02-Nov-2011,4.50,4.50,104.020690
03-Nov-2011,4.50,4.50,104.033515
04-Nov-2011,4.50,4.50,104.071993
07-Nov-2011,4.50,4.50,104.084824
08-Nov-2011,4.50,4.50,104.097656
09-Nov-2011,4.50,4.50,104.110490
10-Nov-2011,4.50,4.50,104.123326
11-Nov-2011,4.50,4.50,104.161837
14-Nov-2011,4.50,4.50,104.174679
15-Nov-2011,4.50,4.50,104.187522
16-Nov-2011,4.50,4.50,104.200367
17-Nov-2011,4.50,4.50,104.213214
18-Nov-2011,4.50,4.50,104.251759
21-Nov-2011,4.50,4.50,104.264611
22-Nov-2011,4.50,4.50,104.277466
23-Nov-2011,4.50,4.50,104.290322
24-Nov-2011,4.50,4.50,104.303180
25-Nov-2011,4.50,4.50,104.341758
28-Nov-2011,4.50,4.50,104.354622
29-Nov-2011,4.50,4.50,104.367487
30-Nov-2011,4.50,4.50,104.380355
01-Dec-2011,4.50,4.50,104.393223
02-Dec-2011,4.50,4.50,104.431835
05-Dec-2011,4.50,4.50,104.444710
06-Dec-2011,4.50,4.50,104.457587
07-Dec-2011,4.25,4.25,104.469749
08-Dec-2011,4.25,4.25,104.481914
09-Dec-2011,4.25,4.25,104.518411
12-Dec-2011,4.25,4.25,104.530581
13-Dec-2011,4.25,4.25,104.542752
14-Dec-2011,4.25,4.25,104.554925
15-Dec-2011,4.25,4.25,104.567099
16-Dec-2011,4.25,4.25,104.603626
19-Dec-2011,4.25,4.25,104.615806
20-Dec-2011,4.25,4.25,104.627987
21-Dec-2011,4.25,4.25,104.640170
22-Dec-2011,4.25,4.25,104.652354
23-Dec-2011,4.25,4.25,104.713282
28-Dec-2011,4.25,4.25,104.725474
29-Dec-2011,4.25,4.25,104.737668
30-Dec-2011,4.25,4.25,104.786450
03-Jan-2012,4.25,4.25,104.798652
04-Jan-2012,4.25,4.25,104.810854
05-Jan-2012,4.25,4.25,104.823058
06-Jan-2012,4.25,4.25,104.859674
09-Jan-2012,4.25,4.25,104.871884
10-Jan-2012,4.25,4.25,104.884095
11-Jan-2012,4.25,4.25,104.896308
12-Jan-2012,4.25,4.25,104.908522
13-Jan-2012,4.25,4.25,104.945168
16-Jan-2012,4.25,4.25,104.957387
17-Jan-2012,4.25,4.25,104.969609
18-Jan-2012,4.25,4.25,104.981831
19-Jan-2012,4.25,4.25,104.994055
20-Jan-2012,4.25,4.25,105.030731
23-Jan-2012,4.25,4.25,105.042961
24-Jan-2012,4.25,4.25,105.055192
25-Jan-2012,4.25,4.25,105.079656
27-Jan-2012,4.25,4.25,105.116362
30-Jan-2012,4.25,4.25,105.128602
31-Jan-2012,4.25,4.25,105.140843
01-Feb-2012,4.25,4.25,105.153085
02-Feb-2012,4.25,4.25,105.165329
03-Feb-2012,4.25,4.25,105.202065
06-Feb-2012,4.25,4.25,105.214315
07-Feb-2012,4.25,4.25,105.226566
08-Feb-2012,4.25,4.25,105.238818
09-Feb-2012,4.25,4.25,105.251072
10-Feb-2012,4.25,4.25,105.287838
13-Feb-2012,4.25,4.25,105.300097
14-Feb-2012,4.25,4.25,105.312358
15-Feb-2012,4.25,4.25,105.324621
16-Feb-2012,4.25,4.25,105.336884
17-Feb-2012,4.25,4.25,105.373680
20-Feb-2012,4.25,4.25,105.385950
21-Feb-2012,4.25,4.25,105.398221
22-Feb-2012,4.25,4.25,105.410493
23-Feb-2012,4.25,4.25,105.422767
24-Feb-2012,4.25,4.25,105.459593
27-Feb-2012,4.25,4.25,105.471872
28-Feb-2012,4.25,4.25,105.484153
29-Feb-2012,4.25,4.25,105.496436
01-Mar-2012,4.25,4.25,105.508719
02-Mar-2012,4.25,4.25,105.545575
05-Mar-2012,4.25,4.25,105.557865
06-Mar-2012,4.25,4.25,105.570156
07-Mar-2012,4.25,4.25,105.582448
08-Mar-2012,4.25,4.25,105.594742
09-Mar-2012,4.25,4.25,105.631628
12-Mar-2012,4.25,4.25,105.643927
13-Mar-2012,4.25,4.25,105.656228
14-Mar-2012,4.25,4.25,105.668531
15-Mar-2012,4.25,4.25,105.680835
16-Mar-2012,4.25,4.25,105.717751
19-Mar-2012,4.25,4.25,105.730060
20-Mar-2012,4.25,4.25,105.742371
21-Mar-2012,4.25,4.25,105.754684
22-Mar-2012,4.25,4.25,105.766998
23-Mar-2012,4.25,4.25,105.803944
26-Mar-2012,4.25,4.25,105.816263
27-Mar-2012,4.25,4.25,105.828584
28-Mar-2012,4.25,4.25,105.840907
29-Mar-2012,4.25,4.25,105.853231
30-Mar-2012,4.25,4.25,105.890207
02-Apr-2012,4.25,4.25,105.902537
03-Apr-2012,4.25,4.25,105.914868
04-Apr-2012,4.25,4.25,105.927200
05-Apr-2012,4.25,4.25,105.988870
10-Apr-2012,4.25,4.25,106.001211
11-Apr-2012,4.25,4.25,106.013554
12-Apr-2012,4.25,4.25,106.025898
13-Apr-2012,4.25,4.25,106.062934
16-Apr-2012,4.25,4.25,106.075284
17-Apr-2012,4.25,4.25,106.087635
18-Apr-2012,4.25,4.25,106.099988
19-Apr-2012,4.25,4.25,106.112342
20-Apr-2012,4.25,4.25,106.149409
23-Apr-2012,4.25,4.25,106.161769
24-Apr-2012,4.25,4.25,106.186491
26-Apr-2012,4.25,4.25,106.198856
27-Apr-2012,4.25,4.25,106.235952
30-Apr-2012,4.25,4.25,106.248322
01-May-2012,4.25,4.25,106.260694
02-May-2012,3.75,3.75,106.271611
03-May-2012,3.75,3.75,106.282529
04-May-2012,3.75,3.75,106.315288
07-May-2012,3.75,3.75,106.326210
08-May-2012,3.75,3.75,106.337134
09-May-2012,3.75,3.75,106.348059
10-May-2012,3.75,3.75,106.358985
11-May-2012,3.75,3.75,106.391767
14-May-2012,3.75,3.75,106.402698
15-May-2012,3.75,3.75,106.413630
16-May-2012,3.75,3.75,106.424563
17-May-2012,3.75,3.75,106.435497
18-May-2012,3.75,3.75,106.468302
21-May-2012,3.75,3.75,106.479241
22-May-2012,3.75,3.75,106.490180
23-May-2012,3.75,3.75,106.501121
24-May-2012,3.75,3.75,106.512063
25-May-2012,3.75,3.75,106.544892
28-May-2012,3.75,3.75,106.555838
29-May-2012,3.75,3.75,106.566786
30-May-2012,3.75,3.75,106.577735
31-May-2012,3.75,3.75,106.588684
01-Jun-2012,3.75,3.75,106.621537
04-Jun-2012,3.75,3.75,106.632491
05-Jun-2012,3.75,3.75,106.643447
06-Jun-2012,3.50,3.50,106.653673
07-Jun-2012,3.50,3.50,106.663900
08-Jun-2012,3.50,3.50,106.704812
12-Jun-2012,3.50,3.50,106.715044
13-Jun-2012,3.50,3.50,106.725277
14-Jun-2012,3.50,3.50,106.735511
15-Jun-2012,3.50,3.50,106.766216
18-Jun-2012,3.50,3.50,106.776454
19-Jun-2012,3.50,3.50,106.786692
20-Jun-2012,3.50,3.50,106.796932
21-Jun-2012,3.50,3.50,106.807173
22-Jun-2012,3.50,3.50,106.837898
25-Jun-2012,3.50,3.50,106.848143
26-Jun-2012,3.50,3.50,106.858389
27-Jun-2012,3.50,3.50,106.868635
28-Jun-2012,3.50,3.50,106.878883
29-Jun-2012,3.50,3.50,106.909629
02-Jul-2012,3.50,3.50,106.919881
03-Jul-2012,3.50,3.50,106.930133
04-Jul-2012,3.50,3.50,106.940387
05-Jul-2012,3.50,3.50,106.950641
06-Jul-2012,3.50,3.50,106.981408
09-Jul-2012,3.50,3.50,106.991667
10-Jul-2012,3.50,3.50,107.001926
11-Jul-2012,3.50,3.50,107.012186
12-Jul-2012,3.50,3.50,107.022448
13-Jul-2012,3.50,3.50,107.053235
16-Jul-2012,3.50,3.50,107.063501
17-Jul-2012,3.50,3.50,107.073767
18-Jul-2012,3.50,3.50,107.084034
19-Jul-2012,3.50,3.50,107.094303
20-Jul-2012,3.50,3.50,107.125111
23-Jul-2012,3.50,3.50,107.135383
24-Jul-2012,3.50,3.50,107.145656
25-Jul-2012,3.50,3.50,107.155930
26-Jul-2012,3.50,3.50,107.166206
27-Jul-2012,3.50,3.50,107.197034
30-Jul-2012,3.50,3.50,107.207313
31-Jul-2012,3.50,3.50,107.217594
01-Aug-2012,3.50,3.50,107.227875
02-Aug-2012,3.50,3.50,107.238157
03-Aug-2012,3.50,3.50,107.269006
06-Aug-2012,3.50,3.50,107.279292
07-Aug-2012,3.50,3.50,107.289579
08-Aug-2012,3.50,3.50,107.299867
09-Aug-2012,3.50,3.50,107.310156
10-Aug-2012,3.50,3.50,107.341026
13-Aug-2012,3.50,3.50,107.351319
14-Aug-2012,3.50,3.50,107.361613
15-Aug-2012,3.50,3.50,107.371908
16-Aug-2012,3.50,3.50,107.382204
17-Aug-2012,3.50,3.50,107.413095
20-Aug-2012,3.50,3.50,107.423395
21-Aug-2012,3.50,3.50,107.433696
22-Aug-2012,3.50,3.50,107.443998
23-Aug-2012,3.50,3.50,107.454300
24-Aug-2012,3.50,3.50,107.485212
27-Aug-2012,3.50,3.50,107.495519
28-Aug-2012,3.50,3.50,107.505827
29-Aug-2012,3.50,3.50,107.516135
30-Aug-2012,3.50,3.50,107.526445
31-Aug-2012,3.50,3.50,107.557377
03-Sep-2012,3.50,3.50,107.567691
04-Sep-2012,3.50,3.50,107.578006
05-Sep-2012,3.50,3.50,107.588321
06-Sep-2012,3.50,3.50,107.598638
07-Sep-2012,3.50,3.50,107.629591
10-Sep-2012,3.50,3.50,107.639912
11-Sep-2012,3.50,3.50,107.650233
12-Sep-2012,3.50,3.50,107.660556
13-Sep-2012,3.50,3.50,107.670880
14-Sep-2012,3.50,3.50,107.701854
17-Sep-2012,3.50,3.50,107.712181
18-Sep-2012,3.50,3.50,107.722510
19-Sep-2012,3.50,3.50,107.732839
20-Sep-2012,3.50,3.50,107.743170
21-Sep-2012,3.50,3.50,107.774164
24-Sep-2012,3.50,3.50,107.784499
25-Sep-2012,3.50,3.50,107.794834
26-Sep-2012,3.50,3.50,107.805171
27-Sep-2012,3.50,3.50,107.815508
28-Sep-2012,3.50,3.50,107.846524
01-Oct-2012,3.50,3.50,107.856865
02-Oct-2012,3.50,3.50,107.867208
03-Oct-2012,3.25,3.25,107.876812
04-Oct-2012,3.25,3.25,107.886418
05-Oct-2012,3.25,3.25,107.915237
08-Oct-2012,3.25,3.25,107.924846
09-Oct-2012,3.25,3.25,107.934455
10-Oct-2012,3.25,3.25,107.944066
11-Oct-2012,3.25,3.25,107.953677
12-Oct-2012,3.25,3.25,107.982514
15-Oct-2012,3.25,3.25,107.992129
16-Oct-2012,3.25,3.25,108.001745
17-Oct-2012,3.25,3.25,108.011362
18-Oct-2012,3.25,3.25,108.020979
19-Oct-2012,3.25,3.25,108.049834
22-Oct-2012,3.25,3.25,108.059455
23-Oct-2012,3.25,3.25,108.069077
24-Oct-2012,3.25,3.25,108.078699
25-Oct-2012,3.25,3.25,108.088323
26-Oct-2012,3.25,3.25,108.117196
29-Oct-2012,3.25,3.25,108.126822
30-Oct-2012,3.25,3.25,108.136450
31-Oct-2012,3.25,3.25,108.146079
01-Nov-2012,3.25,3.25,108.155708
02-Nov-2012,3.25,3.25,108.184599
05-Nov-2012,3.25,3.25,108.194232
06-Nov-2012,3.25,3.25,108.203866
07-Nov-2012,3.25,3.25,108.213500
08-Nov-2012,3.25,3.25,108.223136
09-Nov-2012,3.25,3.25,108.252045
12-Nov-2012,3.25,3.25,108.261684
13-Nov-2012,3.25,3.25,108.271323
14-Nov-2012,3.25,3.25,108.280964
15-Nov-2012,3.25,3.25,108.290605
16-Nov-2012,3.25,3.25,108.319532
19-Nov-2012,3.25,3.25,108.329177
20-Nov-2012,3.25,3.25,108.338823
21-Nov-2012,3.25,3.25,108.348469
22-Nov-2012,3.25,3.25,108.358117
23-Nov-2012,3.25,3.25,108.387062
26-Nov-2012,3.25,3.25,108.396713
27-Nov-2012,3.25,3.25,108.406365
28-Nov-2012,3.25,3.25,108.416017
29-Nov-2012,3.25,3.25,108.425671
30-Nov-2012,3.25,3.25,108.454634
03-Dec-2012,3.25,3.25,108.464291
04-Dec-2012,3.25,3.25,108.473948
05-Dec-2012,3.00,3.00,108.482864
06-Dec-2012,3.00,3.00,108.491780
07-Dec-2012,3.00,3.00,108.518532
10-Dec-2012,3.00,3.00,108.527451
11-Dec-2012,3.00,3.00,108.536371
12-Dec-2012,3.00,3.00,108.545292
13-Dec-2012,3.00,3.00,108.554214
14-Dec-2012,3.00,3.00,108.580980
17-Dec-2012,3.00,3.00,108.589905
18-Dec-2012,3.00,3.00,108.598830
19-Dec-2012,3.00,3.00,108.607756
20-Dec-2012,3.00,3.00,108.616683
21-Dec-2012,3.00,3.00,108.643465
24-Dec-2012,3.00,3.00,108.670254
27-Dec-2012,3.00,3.00,108.679185
28-Dec-2012,3.00,3.00,108.705983
31-Dec-2012,3.00,3.00,108.723853
02-Jan-2013,3.00,3.00,108.732789
03-Jan-2013,3.00,3.00,108.741726
04-Jan-2013,3.00,3.00,108.768539
07-Jan-2013,3.00,3.00,108.777479
08-Jan-2013,3.00,3.00,108.786419
09-Jan-2013,3.00,3.00,108.795361
10-Jan-2013,3.00,3.00,108.804303
11-Jan-2013,3.00,3.00,108.831131
14-Jan-2013,3.00,3.00,108.840076
15-Jan-2013,3.00,3.00,108.849022
16-Jan-2013,3.00,3.00,108.857968
17-Jan-2013,3.00,3.00,108.866916
18-Jan-2013,3.00,3.00,108.893760
21-Jan-2013,3.00,3.00,108.902710
22-Jan-2013,3.00,3.00,108.911661
23-Jan-2013,3.00,3.00,108.920612
24-Jan-2013,3.00,3.00,108.929565
25-Jan-2013,3.00,3.00,108.965377
29-Jan-2013,3.00,3.00,108.974333
30-Jan-2013,3.00,3.00,108.983290
31-Jan-2013,3.00,3.00,108.992247
01-Feb-2013,3.00,3.00,109.019122
04-Feb-2013,3.00,3.00,109.028083
05-Feb-2013,3.00,3.00,109.037044
06-Feb-2013,3.00,3.00,109.046006
07-Feb-2013,3.00,3.00,109.054969
08-Feb-2013,3.00,3.00,109.081859
11-Feb-2013,3.00,3.00,109.090824
12-Feb-2013,3.00,3.00,109.099791
13-Feb-2013,3.00,3.00,109.108758
14-Feb-2013,3.00,3.00,109.117726
15-Feb-2013,3.00,3.00,109.144632
18-Feb-2013,3.00,3.00,109.153602
19-Feb-2013,3.00,3.00,109.162574
20-Feb-2013,3.00,3.00,109.171546
21-Feb-2013,3.00,3.00,109.180519
22-Feb-2013,3.00,3.00,109.207440
25-Feb-2013,3.00,3.00,109.216416
26-Feb-2013,3.00,3.00,109.225393
27-Feb-2013,3.00,3.00,109.234370
28-Feb-2013,3.00,3.00,109.243349
01-Mar-2013,3.00,3.00,109.270285
04-Mar-2013,3.00,3.00,109.279266
05-Mar-2013,3.00,3.00,109.288248
06-Mar-2013,3.00,3.00,109.297231
07-Mar-2013,3.00,3.00,109.306214
08-Mar-2013,3.00,3.00,109.333166
11-Mar-2013,3.00,3.00,109.342153
12-Mar-2013,3.00,3.00,109.351140
13-Mar-2013,3.00,3.00,109.360128
14-Mar-2013,3.00,3.00,109.369116
15-Mar-2013,3.00,3.00,109.396084
18-Mar-2013,3.00,3.00,109.405075
19-Mar-2013,3.00,3.00,109.414067
20-Mar-2013,3.00,3.00,109.423060
21-Mar-2013,3.00,3.00,109.432054
22-Mar-2013,3.00,3.00,109.459037
25-Mar-2013,3.00,3.00,109.468034
26-Mar-2013,3.00,3.00,109.477031
27-Mar-2013,3.00,3.00,109.486029
28-Mar-2013,3.00,3.00,109.531024
02-Apr-2013,3.00,3.00,109.540026
03-Apr-2013,3.00,3.00,109.549029
04-Apr-2013,3.00,3.00,109.558034
05-Apr-2013,3.00,3.00,109.585048
08-Apr-2013,3.00,3.00,109.594055
09-Apr-2013,3.00,3.00,109.603063
10-Apr-2013,3.00,3.00,109.612071
11-Apr-2013,3.00,3.00,109.621080
12-Apr-2013,3.00,3.00,109.648110
15-Apr-2013,3.00,3.00,109.657122
16-Apr-2013,3.00,3.00,109.666135
17-Apr-2013,3.00,3.00,109.675149
18-Apr-2013,3.00,3.00,109.684163
19-Apr-2013,3.00,3.00,109.711209
22-Apr-2013,3.00,3.00,109.720226
23-Apr-2013,3.00,3.00,109.729244
24-Apr-2013,3.00,3.00,109.747282
26-Apr-2013,3.00,3.00,109.774343
29-Apr-2013,3.00,3.00,109.783365
30-Apr-2013,3.00,3.00,109.792389
01-May-2013,3.00,3.00,109.801413
02-May-2013,3.00,3.00,109.810437
03-May-2013,3.00,3.00,109.837514
06-May-2013,3.00,3.00,109.846542
07-May-2013,3.00,3.00,109.855570
08-May-2013,2.75,2.75,109.863847
09-May-2013,2.75,2.75,109.872124
10-May-2013,2.75,2.75,109.896958
13-May-2013,2.75,2.75,109.905238
14-May-2013,2.75,2.75,109.913519
15-May-2013,2.75,2.75,109.921800
16-May-2013,2.75,2.75,109.930082
17-May-2013,2.75,2.75,109.954929
20-May-2013,2.75,2.75,109.963213
21-May-2013,2.75,2.75,109.971498
22-May-2013,2.75,2.75,109.979784
23-May-2013,2.75,2.75,109.988070
24-May-2013,2.75,2.75,110.012930
27-May-2013,2.75,2.75,110.021219
28-May-2013,2.75,2.75,110.029508
29-May-2013,2.75,2.75,110.037798
30-May-2013,2.75,2.75,110.046089
31-May-2013,2.75,2.75,110.070962
03-Jun-2013,2.75,2.75,110.079255
04-Jun-2013,2.75,2.75,110.087549
05-Jun-2013,2.75,2.75,110.095843
06-Jun-2013,2.75,2.75,110.104138
07-Jun-2013,2.75,2.75,110.137320
11-Jun-2013,2.75,2.75,110.145618
12-Jun-2013,2.75,2.75,110.153917
13-Jun-2013,2.75,2.75,110.162216
14-Jun-2013,2.75,2.75,110.187115
17-Jun-2013,2.75,2.75,110.195417
18-Jun-2013,2.75,2.75,110.203720
19-Jun-2013,2.75,2.75,110.212023
20-Jun-2013,2.75,2.75,110.220326
21-Jun-2013,2.75,2.75,110.245239
24-Jun-2013,2.75,2.75,110.253545
25-Jun-2013,2.75,2.75,110.261852
26-Jun-2013,2.75,2.75,110.270159
27-Jun-2013,2.75,2.75,110.278467
28-Jun-2013,2.75,2.75,110.303393
01-Jul-2013,2.75,2.75,110.311704
02-Jul-2013,2.75,2.75,110.320015
03-Jul-2013,2.75,2.75,110.328327
04-Jul-2013,2.75,2.75,110.336639
05-Jul-2013,2.75,2.75,110.361578
08-Jul-2013,2.75,2.75,110.369893
09-Jul-2013,2.75,2.75,110.378209
10-Jul-2013,2.75,2.75,110.386525
11-Jul-2013,2.75,2.75,110.394842
12-Jul-2013,2.75,2.75,110.419794
15-Jul-2013,2.75,2.75,110.428113
16-Jul-2013,2.75,2.75,110.436433
17-Jul-2013,2.75,2.75,110.444754
18-Jul-2013,2.75,2.75,110.453075
19-Jul-2013,2.75,2.75,110.478040
22-Jul-2013,2.75,2.75,110.486364
23-Jul-2013,2.75,2.75,110.494688
24-Jul-2013,2.75,2.75,110.503013
25-Jul-2013,2.75,2.75,110.511339
26-Jul-2013,2.75,2.75,110.536318
29-Jul-2013,2.75,2.75,110.544646
30-Jul-2013,2.75,2.75,110.552974
31-Jul-2013,2.75,2.75,110.561304
01-Aug-2013,2.75,2.75,110.569634
02-Aug-2013,2.75,2.75,110.594625
05-Aug-2013,2.75,2.75,110.602958
06-Aug-2013,2.75,2.75,110.611291
07-Aug-2013,2.50,2.50,110.618867
08-Aug-2013,2.50,2.50,110.626444
09-Aug-2013,2.50,2.50,110.649175
12-Aug-2013,2.50,2.50,110.656754
13-Aug-2013,2.50,2.50,110.664333
14-Aug-2013,2.50,2.50,110.671913
15-Aug-2013,2.50,2.50,110.679493
16-Aug-2013,2.50,2.50,110.702235
19-Aug-2013,2.50,2.50,110.709818
20-Aug-2013,2.50,2.50,110.717401
21-Aug-2013,2.50,2.50,110.724984
22-Aug-2013,2.50,2.50,110.732568
23-Aug-2013,2.50,2.50,110.755321
26-Aug-2013,2.50,2.50,110.762907
27-Aug-2013,2.50,2.50,110.770494
28-Aug-2013,2.50,2.50,110.778081
29-Aug-2013,2.50,2.50,110.785668
30-Aug-2013,2.50,2.50,110.808432
02-Sep-2013,2.50,2.50,110.816022
03-Sep-2013,2.50,2.50,110.823612
04-Sep-2013,2.50,2.50,110.831203
05-Sep-2013,2.50,2.50,110.838794
06-Sep-2013,2.50,2.50,110.861569
09-Sep-2013,2.50,2.50,110.869162
10-Sep-2013,2.50,2.50,110.876756
11-Sep-2013,2.50,2.50,110.884351
12-Sep-2013,2.50,2.50,110.891945
13-Sep-2013,2.50,2.50,110.914731
16-Sep-2013,2.50,2.50,110.922328
17-Sep-2013,2.50,2.50,110.929926
18-Sep-2013,2.50,2.50,110.937524
19-Sep-2013,2.50,2.50,110.945122
20-Sep-2013,2.50,2.50,110.967919
23-Sep-2013,2.50,2.50,110.975520
24-Sep-2013,2.50,2.50,110.983121
25-Sep-2013,2.50,2.50,110.990722
26-Sep-2013,2.50,2.50,110.998324
27-Sep-2013,2.50,2.50,111.021132
30-Sep-2013,2.50,2.50,111.028736
01-Oct-2013,2.50,2.50,111.036341
02-Oct-2013,2.50,2.50,111.043946
03-Oct-2013,2.50,2.50,111.051552
04-Oct-2013,2.50,2.50,111.074371
07-Oct-2013,2.50,2.50,111.081979
08-Oct-2013,2.50,2.50,111.089587
09-Oct-2013,2.50,2.50,111.097196
10-Oct-2013,2.50,2.50,111.104805
11-Oct-2013,2.50,2.50,111.127635
14-Oct-2013,2.50,2.50,111.135247
15-Oct-2013,2.50,2.50,111.142859
16-Oct-2013,2.50,2.50,111.150471
17-Oct-2013,2.50,2.50,111.158084
18-Oct-2013,2.50,2.50,111.180925
21-Oct-2013,2.50,2.50,111.188540
22-Oct-2013,2.50,2.50,111.196156
23-Oct-2013,2.50,2.50,111.203772
24-Oct-2013,2.50,2.50,111.211388
25-Oct-2013,2.50,2.50,111.234240
28-Oct-2013,2.50,2.50,111.241859
29-Oct-2013,2.50,2.50,111.249478
30-Oct-2013,2.50,2.50,111.257098
31-Oct-2013,2.50,2.50,111.264718
01-Nov-2013,2.50,2.50,111.287581
04-Nov-2013,2.50,2.50,111.295203
05-Nov-2013,2.50,2.50,111.302826
06-Nov-2013,2.50,2.50,111.310450
07-Nov-2013,2.50,2.50,111.318074
08-Nov-2013,2.50,2.50,111.340947
11-Nov-2013,2.50,2.50,111.348574
12-Nov-2013,2.50,2.50,111.356200
13-Nov-2013,2.50,2.50,111.363827
14-Nov-2013,2.50,2.50,111.371455
15-Nov-2013,2.50,2.50,111.394340
18-Nov-2013,2.50,2.50,111.401969
19-Nov-2013,2.50,2.50,111.409600
20-Nov-2013,2.50,2.50,111.417230
21-Nov-2013,2.50,2.50,111.424862
22-Nov-2013,2.50,2.50,111.447757
25-Nov-2013,2.50,2.50,111.455391
26-Nov-2013,2.50,2.50,111.463025
27-Nov-2013,2.50,2.50,111.470659
28-Nov-2013,2.50,2.50,111.478294
29-Nov-2013,2.50,2.50,111.501200
02-Dec-2013,2.50,2.50,111.508838
03-Dec-2013,2.50,2.50,111.516475
04-Dec-2013,2.50,2.50,111.524113
05-Dec-2013,2.50,2.50,111.531752
06-Dec-2013,2.50,2.50,111.554669
09-Dec-2013,2.50,2.50,111.562310
10-Dec-2013,2.50,2.50,111.569951
11-Dec-2013,2.50,2.50,111.577593
12-Dec-2013,2.50,2.50,111.585235
13-Dec-2013,2.50,2.50,111.608164
16-Dec-2013,2.50,2.50,111.615808
17-Dec-2013,2.50,2.50,111.623453
18-Dec-2013,2.50,2.50,111.631099
19-Dec-2013,2.50,2.50,111.638745
20-Dec-2013,2.50,2.50,111.661684
23-Dec-2013,2.50,2.50,111.669332
24-Dec-2013,2.50,2.50,111.692278
27-Dec-2013,2.50,2.50,111.715228
30-Dec-2013,2.50,2.50,111.722880
31-Dec-2013,2.50,2.50,111.738185
02-Jan-2014,2.50,2.50,111.745838
03-Jan-2014,2.50,2.50,111.768799
06-Jan-2014,2.50,2.50,111.776455
07-Jan-2014,2.50,2.50,111.784111
08-Jan-2014,2.50,2.50,111.791767
09-Jan-2014,2.50,2.50,111.799424
10-Jan-2014,2.50,2.50,111.822397
13-Jan-2014,2.50,2.50,111.830056
14-Jan-2014,2.50,2.50,111.837715
15-Jan-2014,2.50,2.50,111.845375
16-Jan-2014,2.50,2.50,111.853036
17-Jan-2014,2.50,2.50,111.876019
20-Jan-2014,2.50,2.50,111.883682
21-Jan-2014,2.50,2.50,111.891346
22-Jan-2014,2.50,2.50,111.899009
23-Jan-2014,2.50,2.50,111.906674
24-Jan-2014,2.50,2.50,111.937333
28-Jan-2014,2.50,2.50,111.945000
29-Jan-2014,2.50,2.50,111.952667
30-Jan-2014,2.50,2.50,111.960335
31-Jan-2014,2.50,2.50,111.983341
03-Feb-2014,2.50,2.50,111.991011
04-Feb-2014,2.50,2.50,111.998682
05-Feb-2014,2.50,2.50,112.006353
06-Feb-2014,2.50,2.50,112.014024
07-Feb-2014,2.50,2.50,112.037041
10-Feb-2014,2.50,2.50,112.044715
11-Feb-2014,2.50,2.50,112.052389
12-Feb-2014,2.50,2.50,112.060064
13-Feb-2014,2.50,2.50,112.067739
14-Feb-2014,2.50,2.50,112.090767
17-Feb-2014,2.50,2.50,112.098444
18-Feb-2014,2.50,2.50,112.106122
19-Feb-2014,2.50,2.50,112.113801
20-Feb-2014,2.50,2.50,112.121480
21-Feb-2014,2.50,2.50,112.144518
24-Feb-2014,2.50,2.50,112.152200
25-Feb-2014,2.50,2.50,112.159881
26-Feb-2014,2.50,2.50,112.167563
27-Feb-2014,2.50,2.50,112.175246
28-Feb-2014,2.50,2.50,112.198296
03-Mar-2014,2.50,2.50,112.205981
04-Mar-2014,2.50,2.50,112.213666
05-Mar-2014,2.50,2.50,112.221352
06-Mar-2014,2.50,2.50,112.229038
07-Mar-2014,2.50,2.50,112.252099
10-Mar-2014,2.50,2.50,112.259788
11-Mar-2014,2.50,2.50,112.267477
12-Mar-2014,2.50,2.50,112.275166
13-Mar-2014,2.50,2.50,112.282856
14-Mar-2014,2.50,2.50,112.305928
17-Mar-2014,2.50,2.50,112.313620
18-Mar-2014,2.50,2.50,112.321313
19-Mar-2014,2.50,2.50,112.329006
20-Mar-2014,2.50,2.50,112.336700
21-Mar-2014,2.50,2.50,112.359783
24-Mar-2014,2.50,2.50,112.367479
25-Mar-2014,2.50,2.50,112.375175
26-Mar-2014,2.50,2.50,112.382872
27-Mar-2014,2.50,2.50,112.390569
28-Mar-2014,2.50,2.50,112.413663
31-Mar-2014,2.50,2.50,112.421363
01-Apr-2014,2.50,2.50,112.429063
02-Apr-2014,2.50,2.50,112.436764
03-Apr-2014,2.50,2.50,112.444465
04-Apr-2014,2.50,2.50,112.467570
07-Apr-2014,2.50,2.50,112.475273
08-Apr-2014,2.50,2.50,112.482977
09-Apr-2014,2.50,2.50,112.490681
10-Apr-2014,2.50,2.50,112.498386
11-Apr-2014,2.50,2.50,112.521502
14-Apr-2014,2.50,2.50,112.529209
15-Apr-2014,2.50,2.50,112.536917
16-Apr-2014,2.50,2.50,112.544625
17-Apr-2014,2.50,2.50,112.583167
22-Apr-2014,2.50,2.50,112.590878
23-Apr-2014,2.50,2.50,112.598590
24-Apr-2014,2.50,2.50,112.629439
28-Apr-2014,2.50,2.50,112.637153
29-Apr-2014,2.50,2.50,112.644868
30-Apr-2014,2.50,2.50,112.652584
01-May-2014,2.50,2.50,112.660300
02-May-2014,2.50,2.50,112.683449
05-May-2014,2.50,2.50,112.691167
06-May-2014,2.50,2.50,112.698886
07-May-2014,2.50,2.50,112.706605
08-May-2014,2.50,2.50,112.714324
09-May-2014,2.50,2.50,112.737485
12-May-2014,2.50,2.50,112.745207
13-May-2014,2.50,2.50,112.752929
14-May-2014,2.50,2.50,112.760652
15-May-2014,2.50,2.50,112.768375
16-May-2014,2.50,2.50,112.791547
19-May-2014,2.50,2.50,112.799272
20-May-2014,2.50,2.50,112.806998
21-May-2014,2.50,2.50,112.814725
22-May-2014,2.50,2.50,112.822452
23-May-2014,2.50,2.50,112.845634
26-May-2014,2.50,2.50,112.853363
27-May-2014,2.50,2.50,112.861093
28-May-2014,2.50,2.50,112.868823
29-May-2014,2.50,2.50,112.876554
30-May-2014,2.50,2.50,112.899748
02-Jun-2014,2.50,2.50,112.907481
03-Jun-2014,2.50,2.50,112.915214
04-Jun-2014,2.50,2.50,112.922948
05-Jun-2014,2.50,2.50,112.930683
06-Jun-2014,2.50,2.50,112.961622
10-Jun-2014,2.50,2.50,112.969360
11-Jun-2014,2.50,2.50,112.977097
12-Jun-2014,2.50,2.50,112.984835
13-Jun-2014,2.50,2.50,113.008051
16-Jun-2014,2.50,2.50,113.015792
17-Jun-2014,2.50,2.50,113.023532
18-Jun-2014,2.50,2.50,113.031274
19-Jun-2014,2.50,2.50,113.039016
20-Jun-2014,2.50,2.50,113.062243
23-Jun-2014,2.50,2.50,113.069987
24-Jun-2014,2.50,2.50,113.077731
25-Jun-2014,2.50,2.50,113.085476
26-Jun-2014,2.50,2.50,113.093222
27-Jun-2014,2.50,2.50,113.116460
30-Jun-2014,2.50,2.50,113.124208
01-Jul-2014,2.50,2.50,113.131956
02-Jul-2014,2.50,2.50,113.139705
03-Jul-2014,2.50,2.50,113.147454
04-Jul-2014,2.50,2.50,113.170704
07-Jul-2014,2.50,2.50,113.178455
08-Jul-2014,2.50,2.50,113.186207
09-Jul-2014,2.50,2.50,113.193960
10-Jul-2014,2.50,2.50,113.201713
11-Jul-2014,2.50,2.50,113.224973
14-Jul-2014,2.50,2.50,113.232728
15-Jul-2014,2.50,2.50,113.240484
16-Jul-2014,2.50,2.50,113.248240
17-Jul-2014,2.50,2.50,113.255997
18-Jul-2014,2.50,2.50,113.279269
21-Jul-2014,2.50,2.50,113.287028
22-Jul-2014,2.50,2.50,113.294787
23-Jul-2014,2.50,2.50,113.302547
24-Jul-2014,2.50,2.50,113.310307
25-Jul-2014,2.50,2.50,113.333590
28-Jul-2014,2.50,2.50,113.341353
29-Jul-2014,2.50,2.50,113.349116
30-Jul-2014,2.50,2.50,113.356880
31-Jul-2014,2.50,2.50,113.364644
01-Aug-2014,2.50,2.50,113.387938
04-Aug-2014,2.50,2.50,113.395704
05-Aug-2014,2.50,2.50,113.403471
06-Aug-2014,2.50,2.50,113.411238
07-Aug-2014,2.50,2.50,113.419006
08-Aug-2014,2.50,2.50,113.442312
11-Aug-2014,2.50,2.50,113.450082
12-Aug-2014,2.50,2.50,113.457852
13-Aug-2014,2.50,2.50,113.465623
14-Aug-2014,2.50,2.50,113.473395
15-Aug-2014,2.50,2.50,113.496711
18-Aug-2014,2.50,2.50,113.504485
19-Aug-2014,2.50,2.50,113.512259
20-Aug-2014,2.50,2.50,113.520034
21-Aug-2014,2.50,2.50,113.527809
22-Aug-2014,2.50,2.50,113.551137
25-Aug-2014,2.50,2.50,113.558915
26-Aug-2014,2.50,2.50,113.566693
27-Aug-2014,2.50,2.50,113.574471
28-Aug-2014,2.50,2.50,113.582250
29-Aug-2014,2.50,2.50,113.605589
01-Sep-2014,2.50,2.50,113.613370
02-Sep-2014,2.50,2.50,113.621152
03-Sep-2014,2.50,2.50,113.628934
04-Sep-2014,2.50,2.50,113.636717
05-Sep-2014,2.50,2.50,113.660067
08-Sep-2014,2.50,2.50,113.667852
09-Sep-2014,2.50,2.50,113.675637
10-Sep-2014,2.50,2.50,113.683423
11-Sep-2014,2.50,2.50,113.691210
12-Sep-2014,2.50,2.50,113.714571
15-Sep-2014,2.50,2.50,113.722360
16-Sep-2014,2.50,2.50,113.730149
17-Sep-2014,2.50,2.50,113.737939
18-Sep-2014,2.50,2.50,113.745729
19-Sep-2014,2.50,2.50,113.769102
22-Sep-2014,2.50,2.50,113.776894
23-Sep-2014,2.50,2.50,113.784687
24-Sep-2014,2.50,2.50,113.792480
25-Sep-2014,2.50,2.50,113.800274
26-Sep-2014,2.50,2.50,113.823658
29-Sep-2014,2.50,2.50,113.831454
30-Sep-2014,2.50,2.50,113.839251
01-Oct-2014,2.50,2.50,113.847048
02-Oct-2014,2.50,2.50,113.854846
03-Oct-2014,2.50,2.50,113.878241
06-Oct-2014,2.50,2.50,113.886040
07-Oct-2014,2.50,2.50,113.893841
08-Oct-2014,2.50,2.50,113.901642
09-Oct-2014,2.50,2.50,113.909443
10-Oct-2014,2.50,2.50,113.932849
13-Oct-2014,2.50,2.50,113.940653
14-Oct-2014,2.50,2.50,113.948457
15-Oct-2014,2.50,2.50,113.956262
16-Oct-2014,2.50,2.50,113.964067
17-Oct-2014,2.50,2.50,113.987484
20-Oct-2014,2.50,2.50,113.995292
21-Oct-2014,2.50,2.50,114.003100
22-Oct-2014,2.50,2.50,114.010908
23-Oct-2014,2.50,2.50,114.018717
24-Oct-2014,2.50,2.50,114.042145
27-Oct-2014,2.50,2.50,114.049957
28-Oct-2014,2.50,2.50,114.057768
29-Oct-2014,2.50,2.50,114.065580
30-Oct-2014,2.50,2.50,114.073393
31-Oct-2014,2.50,2.50,114.096833
03-Nov-2014,2.50,2.50,114.104648
04-Nov-2014,2.50,2.50,114.112463
05-Nov-2014,2.50,2.50,114.120279
06-Nov-2014,2.50,2.50,114.128095
07-Nov-2014,2.50,2.50,114.151546
10-Nov-2014,2.50,2.50,114.159365
11-Nov-2014,2.50,2.50,114.167184
12-Nov-2014,2.50,2.50,114.175004
13-Nov-2014,2.50,2.50,114.182824
14-Nov-2014,2.50,2.50,114.206286
17-Nov-2014,2.50,2.50,114.214109
18-Nov-2014,2.50,2.50,114.221931
19-Nov-2014,2.50,2.50,114.229755
20-Nov-2014,2.50,2.50,114.237579
21-Nov-2014,2.50,2.50,114.261052
24-Nov-2014,2.50,2.50,114.268878
25-Nov-2014,2.50,2.50,114.276705
26-Nov-2014,2.50,2.50,114.284532
27-Nov-2014,2.50,2.50,114.292360
28-Nov-2014,2.50,2.50,114.315845
01-Dec-2014,2.50,2.50,114.323675
02-Dec-2014,2.50,2.50,114.331505
03-Dec-2014,2.50,2.50,114.339336
04-Dec-2014,2.50,2.50,114.347167
05-Dec-2014,2.50,2.50,114.370663
08-Dec-2014,2.50,2.50,114.378497
09-Dec-2014,2.50,2.50,114.386331
10-Dec-2014,2.50,2.50,114.394166
11-Dec-2014,2.50,2.50,114.402001
12-Dec-2014,2.50,2.50,114.425508
15-Dec-2014,2.50,2.50,114.433346
16-Dec-2014,2.50,2.50,114.441183
17-Dec-2014,2.50,2.50,114.449022
18-Dec-2014,2.50,2.50,114.456861
19-Dec-2014,2.50,2.50,114.480379
22-Dec-2014,2.50,2.50,114.488221
23-Dec-2014,2.50,2.50,114.496062
24-Dec-2014,2.50,2.50,114.535273
29-Dec-2014,2.50,2.50,114.543118
30-Dec-2014,2.50,2.50,114.550963
31-Dec-2014,2.50,2.50,114.566655
02-Jan-2015,2.50,2.50,114.590196
05-Jan-2015,2.50,2.50,114.598045
06-Jan-2015,2.50,2.50,114.605894
07-Jan-2015,2.50,2.50,114.613744
08-Jan-2015,2.50,2.50,114.621594
09-Jan-2015,2.50,2.50,114.645147
12-Jan-2015,2.50,2.50,114.652999
13-Jan-2015,2.50,2.50,114.660852
14-Jan-2015,2.50,2.50,114.668705
15-Jan-2015,2.50,2.50,114.676560
16-Jan-2015,2.50,2.50,114.700123
19-Jan-2015,2.50,2.50,114.707979
20-Jan-2015,2.50,2.50,114.715836
21-Jan-2015,2.50,2.50,114.723693
22-Jan-2015,2.50,2.50,114.731551
23-Jan-2015,2.50,2.50,114.762984
27-Jan-2015,2.50,2.50,114.770845
28-Jan-2015,2.50,2.50,114.778706
29-Jan-2015,2.50,2.50,114.786567
30-Jan-2015,2.50,2.50,114.810154
02-Feb-2015,2.50,2.50,114.818017
03-Feb-2015,2.50,2.50,114.825882
04-Feb-2015,2.25,2.25,114.832960
05-Feb-2015,2.25,2.25,114.840039
06-Feb-2015,2.25,2.25,114.861276
09-Feb-2015,2.25,2.25,114.868357
10-Feb-2015,2.25,2.25,114.875438
11-Feb-2015,2.25,2.25,114.882519
12-Feb-2015,2.25,2.25,114.889601
13-Feb-2015,2.25,2.25,114.910848
16-Feb-2015,2.25,2.25,114.917931
17-Feb-2015,2.25,2.25,114.925015
18-Feb-2015,2.25,2.25,114.932100
19-Feb-2015,2.25,2.25,114.939184
20-Feb-2015,2.25,2.25,114.960440
23-Feb-2015,2.25,2.25,114.967527
24-Feb-2015,2.25,2.25,114.974614
25-Feb-2015,2.25,2.25,114.981701
26-Feb-2015,2.25,2.25,114.988789
27-Feb-2015,2.25,2.25,115.010054
02-Mar-2015,2.25,2.25,115.017144
03-Mar-2015,2.25,2.25,115.024234
04-Mar-2015,2.25,2.25,115.031325
05-Mar-2015,2.25,2.25,115.038416
06-Mar-2015,2.25,2.25,115.059690
09-Mar-2015,2.25,2.25,115.066783
10-Mar-2015,2.25,2.25,115.073876
11-Mar-2015,2.25,2.25,115.080969
12-Mar-2015,2.25,2.25,115.088063
13-Mar-2015,2.25,2.25,115.109347
16-Mar-2015,2.25,2.25,115.116443
17-Mar-2015,2.25,2.25,115.123539
18-Mar-2015,2.25,2.25,115.130635
19-Mar-2015,2.25,2.25,115.137732
20-Mar-2015,2.25,2.25,115.159025
23-Mar-2015,2.25,2.25,115.166124
24-Mar-2015,2.25,2.25,115.173223
25-Mar-2015,2.25,2.25,115.180323
26-Mar-2015,2.25,2.25,115.187423
27-Mar-2015,2.25,2.25,115.208725
30-Mar-2015,2.25,2.25,115.215827
31-Mar-2015,2.25,2.25,115.222929
01-Apr-2015,2.25,2.25,115.230032
02-Apr-2015,2.25,2.25,115.265548
07-Apr-2015,2.25,2.25,115.272653
08-Apr-2015,2.25,2.25,115.279759
09-Apr-2015,2.25,2.25,115.286866
10-Apr-2015,2.25,2.25,115.308186
13-Apr-2015,2.25,2.25,115.315294
14-Apr-2015,2.25,2.25,115.322402
15-Apr-2015,2.25,2.25,115.329511
16-Apr-2015,2.25,2.25,115.336621
17-Apr-2015,2.25,2.25,115.357950
20-Apr-2015,2.25,2.25,115.365061
21-Apr-2015,2.25,2.25,115.372173
22-Apr-2015,2.25,2.25,115.379285
23-Apr-2015,2.25,2.25,115.386397
24-Apr-2015,2.25,2.25,115.407736
27-Apr-2015,2.25,2.25,115.414850
28-Apr-2015,2.25,2.25,115.421964
29-Apr-2015,2.25,2.25,115.429079
30-Apr-2015,2.25,2.25,115.436195
01-May-2015,2.25,2.25,115.457543
04-May-2015,2.25,2.25,115.464660
05-May-2015,2.25,2.25,115.471778
06-May-2015,2.00,2.00,115.478105
07-May-2015,2.00,2.00,115.484432
08-May-2015,2.00,2.00,115.503416
11-May-2015,2.00,2.00,115.509745
12-May-2015,2.00,2.00,115.516074
13-May-2015,2.00,2.00,115.522404
14-May-2015,2.00,2.00,115.528734
15-May-2015,2.00,2.00,115.547725
18-May-2015,2.00,2.00,115.554056
19-May-2015,2.00,2.00,115.560388
20-May-2015,2.00,2.00,115.566720
21-May-2015,2.00,2.00,115.573053
22-May-2015,2.00,2.00,115.592051
25-May-2015,2.00,2.00,115.598385
26-May-2015,2.00,2.00,115.604719
27-May-2015,2.00,2.00,115.611053
28-May-2015,2.00,2.00,115.617388
29-May-2015,2.00,2.00,115.636394
01-Jun-2015,2.00,2.00,115.642730
02-Jun-2015,2.00,2.00,115.649067
03-Jun-2015,2.00,2.00,115.655404
04-Jun-2015,2.00,2.00,115.661741
05-Jun-2015,2.00,2.00,115.687091
09-Jun-2015,2.00,2.00,115.693430
10-Jun-2015,2.00,2.00,115.699770
11-Jun-2015,2.00,2.00,115.706110
12-Jun-2015,2.00,2.00,115.725130
15-Jun-2015,2.00,2.00,115.731471
16-Jun-2015,2.00,2.00,115.737812
17-Jun-2015,2.00,2.00,115.744154
18-Jun-2015,2.00,2.00,115.750496
19-Jun-2015,2.00,2.00,115.769524
22-Jun-2015,2.00,2.00,115.775867
23-Jun-2015,2.00,2.00,115.782211
24-Jun-2015,2.00,2.00,115.788555
25-Jun-2015,2.00,2.00,115.794900
26-Jun-2015,2.00,2.00,115.813935
29-Jun-2015,2.00,2.00,115.820281
30-Jun-2015,2.00,2.00,115.826627
01-Jul-2015,2.00,2.00,115.832974
02-Jul-2015,2.00,2.00,115.839321
03-Jul-2015,2.00,2.00,115.858363
06-Jul-2015,2.00,2.00,115.864711
07-Jul-2015,2.00,2.00,115.871060
08-Jul-2015,2.00,2.00,115.877409
09-Jul-2015,2.00,2.00,115.883758
10-Jul-2015,2.00,2.00,115.902808
13-Jul-2015,2.00,2.00,115.909159
14-Jul-2015,2.00,2.00,115.915510
15-Jul-2015,2.00,2.00,115.921861
16-Jul-2015,2.00,2.00,115.928213
17-Jul-2015,2.00,2.00,115.947270
20-Jul-2015,2.00,2.00,115.953623
21-Jul-2015,2.00,2.00,115.959977
22-Jul-2015,2.00,2.00,115.966331
23-Jul-2015,2.00,2.00,115.972685
24-Jul-2015,2.00,2.00,115.991749
27-Jul-2015,2.00,2.00,115.998105
28-Jul-2015,2.00,2.00,116.004461
29-Jul-2015,2.00,2.00,116.010817
30-Jul-2015,2.00,2.00,116.017174
31-Jul-2015,2.00,2.00,116.036245
03-Aug-2015,2.00,2.00,116.042604
04-Aug-2015,2.00,2.00,116.048962
05-Aug-2015,2.00,2.00,116.055321
06-Aug-2015,2.00,2.00,116.061680
07-Aug-2015,2.00,2.00,116.080759
10-Aug-2015,2.00,2.00,116.087119
11-Aug-2015,2.00,2.00,116.093480
12-Aug-2015,2.00,2.00,116.099842
13-Aug-2015,2.00,2.00,116.106203
14-Aug-2015,2.00,2.00,116.125289
17-Aug-2015,2.00,2.00,116.131652
18-Aug-2015,2.00,2.00,116.138016
19-Aug-2015,2.00,2.00,116.144379
20-Aug-2015,2.00,2.00,116.150743
21-Aug-2015,2.00,2.00,116.169837
24-Aug-2015,2.00,2.00,116.176202
25-Aug-2015,2.00,2.00,116.182568
26-Aug-2015,2.00,2.00,116.188934
27-Aug-2015,2.00,2.00,116.195301
28-Aug-2015,2.00,2.00,116.214401
31-Aug-2015,2.00,2.00,116.220769
01-Sep-2015,2.00,2.00,116.227137
02-Sep-2015,2.00,2.00,116.233506
03-Sep-2015,2.00,2.00,116.239875
04-Sep-2015,2.00,2.00,116.258983
07-Sep-2015,2.00,2.00,116.265353
08-Sep-2015,2.00,2.00,116.271724
09-Sep-2015,2.00,2.00,116.278095
10-Sep-2015,2.00,2.00,116.284466
11-Sep-2015,2.00,2.00,116.303582
14-Sep-2015,2.00,2.00,116.309954
15-Sep-2015,2.00,2.00,116.316328
16-Sep-2015,2.00,2.00,116.322701
17-Sep-2015,2.00,2.00,116.329075
18-Sep-2015,2.00,2.00,116.348198
21-Sep-2015,2.00,2.00,116.354573
22-Sep-2015,2.00,2.00,116.360948
23-Sep-2015,2.00,2.00,116.367324
24-Sep-2015,2.00,2.00,116.373701
25-Sep-2015,2.00,2.00,116.392831
28-Sep-2015,2.00,2.00,116.399208
29-Sep-2015,2.00,2.00,116.405586
30-Sep-2015,2.00,2.00,116.411965
01-Oct-2015,2.00,2.00,116.418343
02-Oct-2015,2.00,2.00,116.437481
05-Oct-2015,2.00,2.00,116.443861
06-Oct-2015,2.00,2.00,116.450241
07-Oct-2015,2.00,2.00,116.456622
08-Oct-2015,2.00,2.00,116.463003
09-Oct-2015,2.00,2.00,116.482148
12-Oct-2015,2.00,2.00,116.488530
13-Oct-2015,2.00,2.00,116.494913
14-Oct-2015,2.00,2.00,116.501297
15-Oct-2015,2.00,2.00,116.507680
16-Oct-2015,2.00,2.00,116.526832
19-Oct-2015,2.00,2.00,116.533217
20-Oct-2015,2.00,2.00,116.539603
21-Oct-2015,2.00,2.00,116.545988
22-Oct-2015,2.00,2.00,116.552374
23-Oct-2015,2.00,2.00,116.571534
26-Oct-2015,2.00,2.00,116.577921
27-Oct-2015,2.00,2.00,116.584309
28-Oct-2015,2.00,2.00,116.590697
29-Oct-2015,2.00,2.00,116.597086
30-Oct-2015,2.00,2.00,116.616252
02-Nov-2015,2.00,2.00,116.622642
03-Nov-2015,2.00,2.00,116.629033
04-Nov-2015,2.00,2.00,116.635423
05-Nov-2015,2.00,2.00,116.641814
06-Nov-2015,2.00,2.00,116.660988
09-Nov-2015,2.00,2.00,116.667381
10-Nov-2015,2.00,2.00,116.673773
11-Nov-2015,2.00,2.00,116.680166
12-Nov-2015,2.00,2.00,116.686560
13-Nov-2015,2.00,2.00,116.705741
16-Nov-2015,2.00,2.00,116.712136
17-Nov-2015,2.00,2.00,116.718531
18-Nov-2015,2.00,2.00,116.724927
19-Nov-2015,2.00,2.00,116.731323
20-Nov-2015,2.00,2.00,116.750511
23-Nov-2015,2.00,2.00,116.756909
24-Nov-2015,2.00,2.00,116.763306
25-Nov-2015,2.00,2.00,116.769704
26-Nov-2015,2.00,2.00,116.776103
27-Nov-2015,2.00,2.00,116.795299
30-Nov-2015,2.00,2.00,116.801698
01-Dec-2015,2.00,2.00,116.808099
02-Dec-2015,2.00,2.00,116.814499
03-Dec-2015,2.00,2.00,116.820900
04-Dec-2015,2.00,2.00,116.840103
07-Dec-2015,2.00,2.00,116.846505
08-Dec-2015,2.00,2.00,116.852908
09-Dec-2015,2.00,2.00,116.859311
10-Dec-2015,2.00,2.00,116.865714
11-Dec-2015,2.00,2.00,116.884925
14-Dec-2015,2.00,2.00,116.891330
15-Dec-2015,2.00,2.00,116.897735
16-Dec-2015,2.00,2.00,116.904140
17-Dec-2015,2.00,2.00,116.910546
18-Dec-2015,2.00,2.00,116.929764
21-Dec-2015,2.00,2.00,116.936171
22-Dec-2015,2.00,2.00,116.942578
23-Dec-2015,2.00,2.00,116.948986
24-Dec-2015,2.00,2.00,116.981027
29-Dec-2015,2.00,2.00,116.987437
30-Dec-2015,2.00,2.00,116.993847
31-Dec-2015,2.00,2.00,117.019490
04-Jan-2016,2.00,2.00,117.025902
05-Jan-2016,2.00,2.00,117.032314
06-Jan-2016,2.00,2.00,117.038727
07-Jan-2016,2.00,2.00,117.045140
08-Jan-2016,2.00,2.00,117.064380
11-Jan-2016,2.00,2.00,117.070795
12-Jan-2016,2.00,2.00,117.077210
13-Jan-2016,2.00,2.00,117.083625
14-Jan-2016,2.00,2.00,117.090040
15-Jan-2016,2.00,2.00,117.109288
18-Jan-2016,2.00,2.00,117.115705
19-Jan-2016,2.00,2.00,117.122122
20-Jan-2016,2.00,2.00,117.128540
21-Jan-2016,2.00,2.00,117.134958
22-Jan-2016,2.00,2.00,117.154213
25-Jan-2016,2.00,2.00,117.167052
27-Jan-2016,2.00,2.00,117.173472
28-Jan-2016,2.00,2.00,117.179892
29-Jan-2016,2.00,2.00,117.199155
01-Feb-2016,2.00,2.00,117.205577
02-Feb-2016,2.00,2.00,117.211999
03-Feb-2016,2.00,2.00,117.218421
04-Feb-2016,2.00,2.00,117.224844
05-Feb-2016,2.00,2.00,117.244114
08-Feb-2016,2.00,2.00,117.250539
09-Feb-2016,2.00,2.00,117.256963
10-Feb-2016,2.00,2.00,117.263388
11-Feb-2016,2.00,2.00,117.269814
12-Feb-2016,2.00,2.00,117.289091
15-Feb-2016,2.00,2.00,117.295518
16-Feb-2016,2.00,2.00,117.301945
17-Feb-2016,2.00,2.00,117.308372
18-Feb-2016,2.00,2.00,117.314800
19-Feb-2016,2.00,2.00,117.334085
22-Feb-2016,2.00,2.00,117.340514
23-Feb-2016,2.00,2.00,117.346944
24-Feb-2016,2.00,2.00,117.353374
25-Feb-2016,2.00,2.00,117.359804
26-Feb-2016,2.00,2.00,117.379096
29-Feb-2016,2.00,2.00,117.385528
01-Mar-2016,2.00,2.00,117.391960
02-Mar-2016,2.00,2.00,117.398392
03-Mar-2016,2.00,2.00,117.404825
04-Mar-2016,2.00,2.00,117.424124
07-Mar-2016,2.00,2.00,117.430559
08-Mar-2016,2.00,2.00,117.436993
09-Mar-2016,2.00,2.00,117.443428
10-Mar-2016,2.00,2.00,117.449863
11-Mar-2016,2.00,2.00,117.469170
14-Mar-2016,2.00,2.00,117.475607
15-Mar-2016,2.00,2.00,117.482044
16-Mar-2016,2.00,2.00,117.488481
17-Mar-2016,2.00,2.00,117.494919
18-Mar-2016,2.00,2.00,117.514233
21-Mar-2016,2.00,2.00,117.520672
22-Mar-2016,2.00,2.00,117.527112
23-Mar-2016,2.00,2.00,117.533552
24-Mar-2016,2.00,2.00,117.565753
29-Mar-2016,2.00,2.00,117.572195
30-Mar-2016,2.00,2.00,117.578637
31-Mar-2016,2.00,2.00,117.585080
01-Apr-2016,2.00,2.00,117.604409
04-Apr-2016,2.00,2.00,117.610853
05-Apr-2016,2.00,2.00,117.617297
06-Apr-2016,2.00,2.00,117.623742
07-Apr-2016,2.00,2.00,117.630187
08-Apr-2016,2.00,2.00,117.649524
11-Apr-2016,2.00,2.00,117.655970
12-Apr-2016,2.00,2.00,117.662417
13-Apr-2016,2.00,2.00,117.668864
14-Apr-2016,2.00,2.00,117.675312
15-Apr-2016,2.00,2.00,117.694656
18-Apr-2016,2.00,2.00,117.701105
19-Apr-2016,2.00,2.00,117.707554
20-Apr-2016,2.00,2.00,117.714004
21-Apr-2016,2.00,2.00,117.720454
22-Apr-2016,2.00,2.00,117.746256
26-Apr-2016,2.00,2.00,117.752708
27-Apr-2016,2.00,2.00,117.759160
28-Apr-2016,2.00,2.00,117.765612
29-Apr-2016,2.00,2.00,117.784971
02-May-2016,2.00,2.00,117.791425
03-May-2016,2.00,2.00,117.797879
04-May-2016,1.75,1.75,117.803527
05-May-2016,1.75,1.75,117.809175
06-May-2016,1.75,1.75,117.826120
09-May-2016,1.75,1.75,117.831770
10-May-2016,1.75,1.75,117.837419
11-May-2016,1.75,1.75,117.843069
12-May-2016,1.75,1.75,117.848719
13-May-2016,1.75,1.75,117.865670
16-May-2016,1.75,1.75,117.871321
17-May-2016,1.75,1.75,117.876972
18-May-2016,1.75,1.75,117.882624
19-May-2016,1.75,1.75,117.888276
20-May-2016,1.75,1.75,117.905232
23-May-2016,1.75,1.75,117.910885
24-May-2016,1.75,1.75,117.916539
25-May-2016,1.75,1.75,117.922192
26-May-2016,1.75,1.75,117.927846
27-May-2016,1.75,1.75,117.944808
30-May-2016,1.75,1.75,117.950463
31-May-2016,1.75,1.75,117.956118
01-Jun-2016,1.75,1.75,117.961774
02-Jun-2016,1.75,1.75,117.967429
03-Jun-2016,1.75,1.75,117.984397
06-Jun-2016,1.75,1.75,117.990054
07-Jun-2016,1.75,1.75,117.995711
08-Jun-2016,1.75,1.75,118.001368
09-Jun-2016,1.75,1.75,118.007026
10-Jun-2016,1.75,1.75,118.029657
14-Jun-2016,1.75,1.75,118.035316
15-Jun-2016,1.75,1.75,118.040976
16-Jun-2016,1.75,1.75,118.046635
17-Jun-2016,1.75,1.75,118.063614
20-Jun-2016,1.75,1.75,118.069275
21-Jun-2016,1.75,1.75,118.074936
22-Jun-2016,1.75,1.75,118.080597
23-Jun-2016,1.75,1.75,118.086258
24-Jun-2016,1.75,1.75,118.103243
27-Jun-2016,1.75,1.75,118.108906
28-Jun-2016,1.75,1.75,118.114569
29-Jun-2016,1.75,1.75,118.120232
30-Jun-2016,1.75,1.75,118.125895
01-Jul-2016,1.75,1.75,118.142886
04-Jul-2016,1.75,1.75,118.148550
05-Jul-2016,1.75,1.75,118.154215
06-Jul-2016,1.75,1.75,118.159880
07-Jul-2016,1.75,1.75,118.165545
08-Jul-2016,1.75,1.75,118.182541
11-Jul-2016,1.75,1.75,118.188208
12-Jul-2016,1.75,1.75,118.193874
13-Jul-2016,1.75,1.75,118.199541
14-Jul-2016,1.75,1.75,118.205208
15-Jul-2016,1.75,1.75,118.222210
18-Jul-2016,1.75,1.75,118.227878
19-Jul-2016,1.75,1.75,118.233547
20-Jul-2016,1.75,1.75,118.239216
21-Jul-2016,1.75,1.75,118.244885
22-Jul-2016,1.75,1.75,118.261892
25-Jul-2016,1.75,1.75,118.267562
26-Jul-2016,1.75,1.75,118.273233
27-Jul-2016,1.75,1.75,118.278903
28-Jul-2016,1.75,1.75,118.284574
29-Jul-2016,1.75,1.75,118.301588
01-Aug-2016,1.75,1.75,118.307260
02-Aug-2016,1.75,1.75,118.312932
03-Aug-2016,1.50,1.50,118.317794
04-Aug-2016,1.50,1.50,118.322657
05-Aug-2016,1.50,1.50,118.337244
08-Aug-2016,1.50,1.50,118.342108
09-Aug-2016,1.50,1.50,118.346971
10-Aug-2016,1.50,1.50,118.351835
11-Aug-2016,1.50,1.50,118.356698
12-Aug-2016,1.50,1.50,118.371290
15-Aug-2016,1.50,1.50,118.376155
16-Aug-2016,1.50,1.50,118.381020
17-Aug-2016,1.50,1.50,118.385885
18-Aug-2016,1.50,1.50,118.390750
19-Aug-2016,1.50,1.50,118.405346
22-Aug-2016,1.50,1.50,118.410212
23-Aug-2016,1.50,1.50,118.415078
24-Aug-2016,1.50,1.50,118.419944
25-Aug-2016,1.50,1.50,118.424811
26-Aug-2016,1.50,1.50,118.439411
29-Aug-2016,1.50,1.50,118.444279
30-Aug-2016,1.50,1.50,118.449146
31-Aug-2016,1.50,1.50,118.454014
01-Sep-2016,1.50,1.50,118.458882
02-Sep-2016,1.50,1.50,118.473486
05-Sep-2016,1.50,1.50,118.478355
06-Sep-2016,1.50,1.50,118.483224
07-Sep-2016,1.50,1.50,118.488093
08-Sep-2016,1.50,1.50,118.492963
09-Sep-2016,1.50,1.50,118.507571
12-Sep-2016,1.50,1.50,118.512442
13-Sep-2016,1.50,1.50,118.517312
14-Sep-2016,1.50,1.50,118.522183
15-Sep-2016,1.50,1.50,118.527053
16-Sep-2016,1.50,1.50,118.541666
19-Sep-2016,1.50,1.50,118.546538
20-Sep-2016,1.50,1.50,118.551410
21-Sep-2016,1.50,1.50,118.556282
22-Sep-2016,1.50,1.50,118.561154
23-Sep-2016,1.50,1.50,118.575771
26-Sep-2016,1.50,1.50,118.580644
27-Sep-2016,1.50,1.50,118.585517
28-Sep-2016,1.50,1.50,118.590390
29-Sep-2016,1.50,1.50,118.595264
30-Sep-2016,1.50,1.50,118.609885
03-Oct-2016,1.50,1.50,118.614760
04-Oct-2016,1.50,1.50,118.619634
05-Oct-2016,1.50,1.50,118.624509
06-Oct-2016,1.50,1.50,118.629384
07-Oct-2016,1.50,1.50,118.644010
10-Oct-2016,1.50,1.50,118.648885
11-Oct-2016,1.50,1.50,118.653761
12-Oct-2016,1.50,1.50,118.658638
13-Oct-2016,1.50,1.50,118.663514
14-Oct-2016,1.50,1.50,118.678144
17-Oct-2016,1.50,1.50,118.683021
18-Oct-2016,1.50,1.50,118.687898
19-Oct-2016,1.50,1.50,118.692776
20-Oct-2016,1.50,1.50,118.697654
21-Oct-2016,1.50,1.50,118.712288
24-Oct-2016,1.50,1.50,118.717166
25-Oct-2016,1.50,1.50,118.722045
26-Oct-2016,1.50,1.50,118.726924
27-Oct-2016,1.50,1.50,118.731803
28-Oct-2016,1.50,1.50,118.746441
31-Oct-2016,1.50,1.50,118.751321
01-Nov-2016,1.50,1.50,118.756202
02-Nov-2016,1.50,1.50,118.761082
03-Nov-2016,1.50,1.50,118.765962
04-Nov-2016,1.50,1.50,118.780605
07-Nov-2016,1.50,1.50,118.785486
08-Nov-2016,1.50,1.50,118.790368
09-Nov-2016,1.50,1.50,118.795250
10-Nov-2016,1.50,1.50,118.800132
11-Nov-2016,1.50,1.50,118.814778
14-Nov-2016,1.50,1.50,118.819661
15-Nov-2016,1.50,1.50,118.824544
16-Nov-2016,1.50,1.50,118.829427
17-Nov-2016,1.50,1.50,118.834311
18-Nov-2016,1.50,1.50,118.848961
21-Nov-2016,1.50,1.50,118.853846
22-Nov-2016,1.50,1.50,118.858730
23-Nov-2016,1.50,1.50,118.863615
24-Nov-2016,1.50,1.50,118.868499
25-Nov-2016,1.50,1.50,118.883154
28-Nov-2016,1.50,1.50,118.888040
29-Nov-2016,1.50,1.50,118.892926
30-Nov-2016,1.50,1.50,118.897812
01-Dec-2016,1.50,1.50,118.902698
02-Dec-2016,1.50,1.50,118.917357
05-Dec-2016,1.50,1.50,118.922244
06-Dec-2016,1.50,1.50,118.927132
07-Dec-2016,1.50,1.50,118.932019
08-Dec-2016,1.50,1.50,118.936907
09-Dec-2016,1.50,1.50,118.951570
12-Dec-2016,1.50,1.50,118.956459
13-Dec-2016,1.50,1.50,118.961347
14-Dec-2016,1.50,1.50,118.966236
15-Dec-2016,1.50,1.50,118.971125
16-Dec-2016,1.50,1.50,118.985793
19-Dec-2016,1.50,1.50,118.990682
20-Dec-2016,1.50,1.50,118.995573
21-Dec-2016,1.50,1.50,119.000463
22-Dec-2016,1.50,1.50,119.005353
23-Dec-2016,1.50,1.50,119.029806
28-Dec-2016,1.50,1.50,119.034698
29-Dec-2016,1.50,1.50,119.039590
30-Dec-2016,1.50,1.50,119.059158
03-Jan-2017,1.50,1.50,119.064051
04-Jan-2017,1.50,1.50,119.068944
05-Jan-2017,1.50,1.50,119.073837
06-Jan-2017,1.50,1.50,119.088517
09-Jan-2017,1.50,1.50,119.093411
10-Jan-2017,1.50,1.50,119.098306
11-Jan-2017,1.50,1.50,119.103200
12-Jan-2017,1.50,1.50,119.108095
13-Jan-2017,1.50,1.50,119.122779
16-Jan-2017,1.50,1.50,119.127675
17-Jan-2017,1.50,1.50,119.132570
18-Jan-2017,1.50,1.50,119.137466
19-Jan-2017,1.50,1.50,119.142362
20-Jan-2017,1.50,1.50,119.157051
23-Jan-2017,1.50,1.50,119.161948
24-Jan-2017,1.50,1.50,119.166845
25-Jan-2017,1.50,1.50,119.176640
27-Jan-2017,1.50,1.50,119.191333
30-Jan-2017,1.50,1.50,119.196231
31-Jan-2017,1.50,1.50,119.201129
01-Feb-2017,1.50,1.50,119.206028
02-Feb-2017,1.50,1.50,119.210927
03-Feb-2017,1.50,1.50,119.225624
06-Feb-2017,1.50,1.50,119.230524
07-Feb-2017,1.50,1.50,119.235424
08-Feb-2017,1.50,1.50,119.240324
09-Feb-2017,1.50,1.50,119.245224
10-Feb-2017,1.50,1.50,119.259926
13-Feb-2017,1.50,1.50,119.264827
14-Feb-2017,1.50,1.50,119.269728
15-Feb-2017,1.50,1.50,119.274629
16-Feb-2017,1.50,1.50,119.279531
17-Feb-2017,1.50,1.50,119.294237
20-Feb-2017,1.50,1.50,119.299139
21-Feb-2017,1.50,1.50,119.304042
22-Feb-2017,1.50,1.50,119.308945
23-Feb-2017,1.50,1.50,119.313848
24-Feb-2017,1.50,1.50,119.328558
27-Feb-2017,1.50,1.50,119.333462
28-Feb-2017,1.50,1.50,119.338366
01-Mar-2017,1.50,1.50,119.343270
02-Mar-2017,1.50,1.50,119.348175
03-Mar-2017,1.50,1.50,119.362889
06-Mar-2017,1.50,1.50,119.367794
07-Mar-2017,1.50,1.50,119.372700
08-Mar-2017,1.50,1.50,119.377606
09-Mar-2017,1.50,1.50,119.382512
10-Mar-2017,1.50,1.50,119.397230
13-Mar-2017,1.50,1.50,119.402137
14-Mar-2017,1.50,1.50,119.407044
15-Mar-2017,1.50,1.50,119.411951
16-Mar-2017,1.50,1.50,119.416858
17-Mar-2017,1.50,1.50,119.431581
20-Mar-2017,1.50,1.50,119.436489
21-Mar-2017,1.50,1.50,119.441397
22-Mar-2017,1.50,1.50,119.446306
23-Mar-2017,1.50,1.50,119.451215
24-Mar-2017,1.50,1.50,119.465941
27-Mar-2017,1.50,1.50,119.470851
28-Mar-2017,1.50,1.50,119.475761
29-Mar-2017,1.50,1.50,119.480671
30-Mar-2017,1.50,1.50,119.485581
31-Mar-2017,1.50,1.50,119.500312
03-Apr-2017,1.50,1.50,119.505223
04-Apr-2017,1.50,1.50,119.510134
05-Apr-2017,1.50,1.50,119.515045
06-Apr-2017,1.50,1.50,119.519957
07-Apr-2017,1.50,1.50,119.534692
10-Apr-2017,1.50,1.50,119.539605
11-Apr-2017,1.50,1.50,119.544517
12-Apr-2017,1.50,1.50,119.549430
13-Apr-2017,1.50,1.50,119.573995
18-Apr-2017,1.50,1.50,119.578909
19-Apr-2017,1.50,1.50,119.583823
20-Apr-2017,1.50,1.50,119.588738
21-Apr-2017,1.50,1.50,119.603482
24-Apr-2017,1.50,1.50,119.613312
26-Apr-2017,1.50,1.50,119.618228
27-Apr-2017,1.50,1.50,119.623143
28-Apr-2017,1.50,1.50,119.637891
01-May-2017,1.50,1.50,119.642808
02-May-2017,1.50,1.50,119.647725
03-May-2017,1.50,1.50,119.652642
04-May-2017,1.50,1.50,119.657559
05-May-2017,1.50,1.50,119.672311
08-May-2017,1.50,1.50,119.677229
09-May-2017,1.50,1.50,119.682148
10-May-2017,1.50,1.50,119.687066
11-May-2017,1.50,1.50,119.691985
12-May-2017,1.50,1.50,119.706741
15-May-2017,1.50,1.50,119.711661
16-May-2017,1.50,1.50,119.716580
17-May-2017,1.50,1.50,119.721500
18-May-2017,1.50,1.50,119.726420
19-May-2017,1.50,1.50,119.741181
22-May-2017,1.50,1.50,119.746102
23-May-2017,1.50,1.50,119.751023
24-May-2017,1.50,1.50,119.755944
25-May-2017,1.50,1.50,119.760866
26-May-2017,1.50,1.50,119.775631
29-May-2017,1.50,1.50,119.780553
30-May-2017,1.50,1.50,119.785476
31-May-2017,1.50,1.50,119.790398
01-Jun-2017,1.50,1.50,119.795321
02-Jun-2017,1.50,1.50,119.810091
05-Jun-2017,1.50,1.50,119.815014
06-Jun-2017,1.50,1.50,119.819938
07-Jun-2017,1.50,1.50,119.824862
08-Jun-2017,1.50,1.50,119.829787
09-Jun-2017,1.50,1.50,119.849485
13-Jun-2017,1.50,1.50,119.854410
14-Jun-2017,1.50,1.50,119.859335
15-Jun-2017,1.50,1.50,119.864261
16-Jun-2017,1.50,1.50,119.879039
19-Jun-2017,1.50,1.50,119.883966
20-Jun-2017,1.50,1.50,119.888892
21-Jun-2017,1.50,1.50,119.893819
22-Jun-2017,1.50,1.50,119.898746
23-Jun-2017,1.50,1.50,119.913528
26-Jun-2017,1.50,1.50,119.918456
27-Jun-2017,1.50,1.50,119.923384
28-Jun-2017,1.50,1.50,119.928313
29-Jun-2017,1.50,1.50,119.933241
30-Jun-2017,1.50,1.50,119.948028
03-Jul-2017,1.50,1.50,119.952957
04-Jul-2017,1.50,1.50,119.957887
05-Jul-2017,1.50,1.50,119.962816
06-Jul-2017,1.50,1.50,119.967746
07-Jul-2017,1.50,1.50,119.982537
10-Jul-2017,1.50,1.50,119.987468
11-Jul-2017,1.50,1.50,119.992399
12-Jul-2017,1.50,1.50,119.997330
13-Jul-2017,1.50,1.50,120.002261
14-Jul-2017,1.50,1.50,120.017056
17-Jul-2017,1.50,1.50,120.021988
18-Jul-2017,1.50,1.50,120.026921
19-Jul-2017,1.50,1.50,120.031853
20-Jul-2017,1.50,1.50,120.036786
21-Jul-2017,1.50,1.50,120.051585
24-Jul-2017,1.50,1.50,120.056519
25-Jul-2017,1.50,1.50,120.061453
26-Jul-2017,1.50,1.50,120.066387
27-Jul-2017,1.50,1.50,120.071321
28-Jul-2017,1.50,1.50,120.086124
31-Jul-2017,1.50,1.50,120.091059
01-Aug-2017,1.50,1.50,120.095995
02-Aug-2017,1.50,1.50,120.100930
03-Aug-2017,1.50,1.50,120.105866
04-Aug-2017,1.50,1.50,120.120673
07-Aug-2017,1.50,1.50,120.125610
08-Aug-2017,1.50,1.50,120.130546
09-Aug-2017,1.50,1.50,120.135483
10-Aug-2017,1.50,1.50,120.140420
11-Aug-2017,1.50,1.50,120.155232
14-Aug-2017,1.50,1.50,120.160170
15-Aug-2017,1.50,1.50,120.165108
16-Aug-2017,1.50,1.50,120.170046
17-Aug-2017,1.50,1.50,120.174985
18-Aug-2017,1.50,1.50,120.189801
21-Aug-2017,1.50,1.50,120.194740
22-Aug-2017,1.50,1.50,120.199680
23-Aug-2017,1.50,1.50,120.204620
24-Aug-2017,1.50,1.50,120.209559
25-Aug-2017,1.50,1.50,120.224380
28-Aug-2017,1.50,1.50,120.229321
29-Aug-2017,1.50,1.50,120.234261
30-Aug-2017,1.50,1.50,120.239203
31-Aug-2017,1.50,1.50,120.244144
01-Sep-2017,1.50,1.50,120.258969
04-Sep-2017,1.50,1.50,120.263911
05-Sep-2017,1.50,1.50,120.268853
06-Sep-2017,1.50,1.50,120.273796
07-Sep-2017,1.50,1.50,120.278738
08-Sep-2017,1.50,1.50,120.293567
11-Sep-2017,1.50,1.50,120.298511
12-Sep-2017,1.50,1.50,120.303455
13-Sep-2017,1.50,1.50,120.308399
14-Sep-2017,1.50,1.50,120.313343
15-Sep-2017,1.50,1.50,120.328176
18-Sep-2017,1.50,1.50,120.333121
19-Sep-2017,1.50,1.50,120.338066
20-Sep-2017,1.50,1.50,120.343012
21-Sep-2017,1.50,1.50,120.347957
22-Sep-2017,1.50,1.50,120.362795
25-Sep-2017,1.50,1.50,120.367741
26-Sep-2017,1.50,1.50,120.372688
27-Sep-2017,1.50,1.50,120.377634
28-Sep-2017,1.50,1.50,120.382581
29-Sep-2017,1.50,1.50,120.397423
02-Oct-2017,1.50,1.50,120.402371
03-Oct-2017,1.50,1.50,120.407319
04-Oct-2017,1.50,1.50,120.412267
05-Oct-2017,1.50,1.50,120.417216
06-Oct-2017,1.50,1.50,120.432062
09-Oct-2017,1.50,1.50,120.437011
10-Oct-2017,1.50,1.50,120.441960
11-Oct-2017,1.50,1.50,120.446910
12-Oct-2017,1.50,1.50,120.451860
13-Oct-2017,1.50,1.50,120.466710
16-Oct-2017,1.50,1.50,120.471661
17-Oct-2017,1.50,1.50,120.476612
18-Oct-2017,1.50,1.50,120.481563
19-Oct-2017,1.50,1.50,120.486514
20-Oct-2017,1.50,1.50,120.501369
23-Oct-2017,1.50,1.50,120.506321
24-Oct-2017,1.50,1.50,120.511273
25-Oct-2017,1.50,1.50,120.516226
26-Oct-2017,1.50,1.50,120.521178
27-Oct-2017,1.50,1.50,120.536037
30-Oct-2017,1.50,1.50,120.540991
31-Oct-2017,1.50,1.50,120.545944
01-Nov-2017,1.50,1.50,120.550898
02-Nov-2017,1.50,1.50,120.555852
03-Nov-2017,1.50,1.50,120.570715
06-Nov-2017,1.50,1.50,120.575670
07-Nov-2017,1.50,1.50,120.580626
08-Nov-2017,1.50,1.50,120.585581
09-Nov-2017,1.50,1.50,120.590537
10-Nov-2017,1.50,1.50,120.605404
13-Nov-2017,1.50,1.50,120.610360
14-Nov-2017,1.50,1.50,120.615317
15-Nov-2017,1.50,1.50,120.620274
16-Nov-2017,1.50,1.50,120.625231
17-Nov-2017,1.50,1.50,120.640102
20-Nov-2017,1.50,1.50,120.645060
21-Nov-2017,1.50,1.50,120.650018
22-Nov-2017,1.50,1.50,120.654976
23-Nov-2017,1.50,1.50,120.659935
24-Nov-2017,1.50,1.50,120.674811
27-Nov-2017,1.50,1.50,120.679770
28-Nov-2017,1.50,1.50,120.684729
29-Nov-2017,1.50,1.50,120.689689
30-Nov-2017,1.50,1.50,120.694649
01-Dec-2017,1.50,1.50,120.709529
04-Dec-2017,1.50,1.50,120.714490
05-Dec-2017,1.50,1.50,120.719450
06-Dec-2017,1.50,1.50,120.724412
07-Dec-2017,1.50,1.50,120.729373
08-Dec-2017,1.50,1.50,120.744257
11-Dec-2017,1.50,1.50,120.749219
12-Dec-2017,1.50,1.50,120.754182
13-Dec-2017,1.50,1.50,120.759144
14-Dec-2017,1.50,1.50,120.764107
15-Dec-2017,1.50,1.50,120.778996
18-Dec-2017,1.50,1.50,120.783959
19-Dec-2017,1.50,1.50,120.788923
20-Dec-2017,1.50,1.50,120.793887
21-Dec-2017,1.50,1.50,120.798851
22-Dec-2017,1.50,1.50,120.823673
27-Dec-2017,1.50,1.50,120.828638
28-Dec-2017,1.50,1.50,120.833603
29-Dec-2017,1.50,1.50,120.853467
02-Jan-2018,1.50,1.50,120.858433
03-Jan-2018,1.50,1.50,120.863400
04-Jan-2018,1.50,1.50,120.868367
05-Jan-2018,1.50,1.50,120.883268
08-Jan-2018,1.50,1.50,120.888236
09-Jan-2018,1.50,1.50,120.893204
10-Jan-2018,1.50,1.50,120.898172
11-Jan-2018,1.50,1.50,120.903141
12-Jan-2018,1.50,1.50,120.918047
15-Jan-2018,1.50,1.50,120.923016
16-Jan-2018,1.50,1.50,120.927985
17-Jan-2018,1.50,1.50,120.932955
18-Jan-2018,1.50,1.50,120.937925
19-Jan-2018,1.50,1.50,120.952835
22-Jan-2018,1.50,1.50,120.957806
23-Jan-2018,1.50,1.50,120.962777
24-Jan-2018,1.50,1.50,120.967748
25-Jan-2018,1.50,1.50,120.987633
29-Jan-2018,1.50,1.50,120.992605
30-Jan-2018,1.50,1.50,120.997577
31-Jan-2018,1.50,1.50,121.002550
01-Feb-2018,1.50,1.50,121.007522
02-Feb-2018,1.50,1.50,121.022441
05-Feb-2018,1.50,1.50,121.027415
06-Feb-2018,1.50,1.50,121.032388
07-Feb-2018,1.50,1.50,121.037362
08-Feb-2018,1.50,1.50,121.042336
09-Feb-2018,1.50,1.50,121.057260
12-Feb-2018,1.50,1.50,121.062234
13-Feb-2018,1.50,1.50,121.067210
14-Feb-2018,1.50,1.50,121.072185
15-Feb-2018,1.50,1.50,121.077161
16-Feb-2018,1.50,1.50,121.092088
19-Feb-2018,1.50,1.50,121.097064
20-Feb-2018,1.50,1.50,121.102041
21-Feb-2018,1.50,1.50,121.107018
22-Feb-2018,1.50,1.50,121.111995
23-Feb-2018,1.50,1.50,121.126926
26-Feb-2018,1.50,1.50,121.131904
27-Feb-2018,1.50,1.50,121.136882
28-Feb-2018,1.50,1.50,121.141860
01-Mar-2018,1.50,1.50,121.146839
02-Mar-2018,1.50,1.50,121.161775
05-Mar-2018,1.50,1.50,121.166754
06-Mar-2018,1.50,1.50,121.171733
07-Mar-2018,1.50,1.50,121.176713
08-Mar-2018,1.50,1.50,121.181693
09-Mar-2018,1.50,1.50,121.196633
12-Mar-2018,1.50,1.50,121.201614
13-Mar-2018,1.50,1.50,121.206595
14-Mar-2018,1.50,1.50,121.211576
15-Mar-2018,1.50,1.50,121.216557
16-Mar-2018,1.50,1.50,121.231502
19-Mar-2018,1.50,1.50,121.236484
20-Mar-2018,1.50,1.50,121.241466
21-Mar-2018,1.50,1.50,121.246449
22-Mar-2018,1.50,1.50,121.251431
23-Mar-2018,1.50,1.50,121.266380
26-Mar-2018,1.50,1.50,121.271364
27-Mar-2018,1.50,1.50,121.276347
28-Mar-2018,1.50,1.50,121.281331
29-Mar-2018,1.50,1.50,121.306252
03-Apr-2018,1.50,1.50,121.311237
04-Apr-2018,1.50,1.50,121.316223
05-Apr-2018,1.50,1.50,121.321208
06-Apr-2018,1.50,1.50,121.336166
09-Apr-2018,1.50,1.50,121.341152
10-Apr-2018,1.50,1.50,121.346139
11-Apr-2018,1.50,1.50,121.351126
12-Apr-2018,1.50,1.50,121.356113
13-Apr-2018,1.50,1.50,121.371074
16-Apr-2018,1.50,1.50,121.376062
17-Apr-2018,1.50,1.50,121.381050
18-Apr-2018,1.50,1.50,121.386039
19-Apr-2018,1.50,1.50,121.391027
20-Apr-2018,1.50,1.50,121.405993
23-Apr-2018,1.50,1.50,121.410982
24-Apr-2018,1.50,1.50,121.420961
26-Apr-2018,1.50,1.50,121.425951
27-Apr-2018,1.50,1.50,121.440922
30-Apr-2018,1.50,1.50,121.445912
01-May-2018,1.50,1.50,121.450903
02-May-2018,1.50,1.50,121.455894
03-May-2018,1.50,1.50,121.460886
04-May-2018,1.50,1.50,121.475860
07-May-2018,1.50,1.50,121.480852
08-May-2018,1.50,1.50,121.485845
09-May-2018,1.50,1.50,121.490837
10-May-2018,1.50,1.50,121.495830
11-May-2018,1.50,1.50,121.510809
14-May-2018,1.50,1.50,121.515803
15-May-2018,1.50,1.50,121.520796
16-May-2018,1.50,1.50,121.525790
17-May-2018,1.50,1.50,121.530785
18-May-2018,1.50,1.50,121.545768
21-May-2018,1.50,1.50,121.550763
22-May-2018,1.50,1.50,121.555758
23-May-2018,1.50,1.50,121.560754
24-May-2018,1.50,1.50,121.565749
25-May-2018,1.50,1.50,121.580737
28-May-2018,1.50,1.50,121.585733
29-May-2018,1.50,1.50,121.590730
30-May-2018,1.50,1.50,121.595727
31-May-2018,1.50,1.50,121.600724
01-Jun-2018,1.50,1.50,121.615716
04-Jun-2018,1.50,1.50,121.620714
05-Jun-2018,1.50,1.50,121.625712
06-Jun-2018,1.50,1.50,121.630710
07-Jun-2018,1.50,1.50,121.635709
08-Jun-2018,1.50,1.50,121.655704
12-Jun-2018,1.50,1.50,121.660703
13-Jun-2018,1.50,1.50,121.665703
14-Jun-2018,1.50,1.50,121.670703
15-Jun-2018,1.50,1.50,121.685703
18-Jun-2018,1.50,1.50,121.690704
19-Jun-2018,1.50,1.50,121.695705
20-Jun-2018,1.50,1.50,121.700706
21-Jun-2018,1.50,1.50,121.705708
22-Jun-2018,1.50,1.50,121.720713
25-Jun-2018,1.50,1.50,121.725715
26-Jun-2018,1.50,1.50,121.730717
27-Jun-2018,1.50,1.50,121.735720
28-Jun-2018,1.50,1.50,121.740723
29-Jun-2018,1.50,1.50,121.755732
02-Jul-2018,1.50,1.50,121.760735
03-Jul-2018,1.50,1.50,121.765739
04-Jul-2018,1.50,1.50,121.770743
05-Jul-2018,1.50,1.50,121.775748
06-Jul-2018,1.50,1.50,121.790761
09-Jul-2018,1.50,1.50,121.795766
10-Jul-2018,1.50,1.50,121.800772
11-Jul-2018,1.50,1.50,121.805777
12-Jul-2018,1.50,1.50,121.810783
13-Jul-2018,1.50,1.50,121.825801
16-Jul-2018,1.50,1.50,121.830807
17-Jul-2018,1.50,1.50,121.835814
18-Jul-2018,1.50,1.50,121.840821
19-Jul-2018,1.50,1.50,121.845828
20-Jul-2018,1.50,1.50,121.860850
23-Jul-2018,1.50,1.50,121.865858
24-Jul-2018,1.50,1.50,121.870866
25-Jul-2018,1.50,1.50,121.875875
26-Jul-2018,1.50,1.50,121.880883
27-Jul-2018,1.50,1.50,121.895910
30-Jul-2018,1.50,1.50,121.900919
31-Jul-2018,1.50,1.50,121.905929
01-Aug-2018,1.50,1.50,121.910938
02-Aug-2018,1.50,1.50,121.915948
03-Aug-2018,1.50,1.50,121.930979
06-Aug-2018,1.50,1.50,121.935990
07-Aug-2018,1.50,1.50,121.941001
08-Aug-2018,1.50,1.50,121.946012
09-Aug-2018,1.50,1.50,121.951024
10-Aug-2018,1.50,1.50,121.966059
13-Aug-2018,1.50,1.50,121.971071
14-Aug-2018,1.50,1.50,121.976084
15-Aug-2018,1.50,1.50,121.981096
16-Aug-2018,1.50,1.50,121.986109
17-Aug-2018,1.50,1.50,122.001149
20-Aug-2018,1.50,1.50,122.006163
21-Aug-2018,1.50,1.50,122.011176
22-Aug-2018,1.50,1.50,122.016191
23-Aug-2018,1.50,1.50,122.021205
24-Aug-2018,1.50,1.50,122.036249
27-Aug-2018,1.50,1.50,122.041264
28-Aug-2018,1.50,1.50,122.046279
29-Aug-2018,1.50,1.50,122.051295
30-Aug-2018,1.50,1.50,122.056311
31-Aug-2018,1.50,1.50,122.071359
03-Sep-2018,1.50,1.50,122.076375
04-Sep-2018,1.50,1.50,122.081392
05-Sep-2018,1.50,1.50,122.086409
06-Sep-2018,1.50,1.50,122.091427
07-Sep-2018,1.50,1.50,122.106479
10-Sep-2018,1.50,1.50,122.111497
11-Sep-2018,1.50,1.50,122.116515
12-Sep-2018,1.50,1.50,122.121534
13-Sep-2018,1.50,1.50,122.126552
14-Sep-2018,1.50,1.50,122.141609
17-Sep-2018,1.50,1.50,122.146629
18-Sep-2018,1.50,1.50,122.151648
19-Sep-2018,1.50,1.50,122.156668
20-Sep-2018,1.50,1.50,122.161688
21-Sep-2018,1.50,1.50,122.176749
24-Sep-2018,1.50,1.50,122.181770
25-Sep-2018,1.50,1.50,122.186792
26-Sep-2018,1.50,1.50,122.191813
27-Sep-2018,1.50,1.50,122.196835
28-Sep-2018,1.50,1.50,122.211900
01-Oct-2018,1.50,1.50,122.216922
02-Oct-2018,1.50,1.50,122.221945
03-Oct-2018,1.50,1.50,122.226968
04-Oct-2018,1.50,1.50,122.231991
05-Oct-2018,1.50,1.50,122.247060
08-Oct-2018,1.50,1.50,122.252084
09-Oct-2018,1.50,1.50,122.257108
10-Oct-2018,1.50,1.50,122.262133
11-Oct-2018,1.50,1.50,122.267157
12-Oct-2018,1.50,1.50,122.282231
15-Oct-2018,1.50,1.50,122.287256
16-Oct-2018,1.50,1.50,122.292282
17-Oct-2018,1.50,1.50,122.297308
18-Oct-2018,1.50,1.50,122.302334
19-Oct-2018,1.50,1.50,122.317412
22-Oct-2018,1.50,1.50,122.322439
23-Oct-2018,1.50,1.50,122.327466
24-Oct-2018,1.50,1.50,122.332493
25-Oct-2018,1.50,1.50,122.337520
26-Oct-2018,1.50,1.50,122.352603
29-Oct-2018,1.50,1.50,122.357631
30-Oct-2018,1.50,1.50,122.362659
31-Oct-2018,1.50,1.50,122.367688
01-Nov-2018,1.50,1.50,122.372717
02-Nov-2018,1.50,1.50,122.387804
05-Nov-2018,1.50,1.50,122.392834
06-Nov-2018,1.50,1.50,122.397863
07-Nov-2018,1.50,1.50,122.402893
08-Nov-2018,1.50,1.50,122.407924
09-Nov-2018,1.50,1.50,122.423015
12-Nov-2018,1.50,1.50,122.428046
13-Nov-2018,1.50,1.50,122.433077
14-Nov-2018,1.50,1.50,122.438109
15-Nov-2018,1.50,1.50,122.443141
16-Nov-2018,1.50,1.50,122.458236
19-Nov-2018,1.50,1.50,122.463269
20-Nov-2018,1.50,1.50,122.468302
21-Nov-2018,1.50,1.50,122.473335
22-Nov-2018,1.50,1.50,122.478368
23-Nov-2018,1.50,1.50,122.493468
26-Nov-2018,1.50,1.50,122.498502
27-Nov-2018,1.50,1.50,122.503536
28-Nov-2018,1.50,1.50,122.508570
29-Nov-2018,1.50,1.50,122.513605
30-Nov-2018,1.50,1.50,122.528709
03-Dec-2018,1.50,1.50,122.533745
04-Dec-2018,1.50,1.50,122.538780
05-Dec-2018,1.50,1.50,122.543816
06-Dec-2018,1.50,1.50,122.548852
07-Dec-2018,1.50,1.50,122.563961
10-Dec-2018,1.50,1.50,122.568998
11-Dec-2018,1.50,1.50,122.574035
12-Dec-2018,1.50,1.50,122.579072
13-Dec-2018,1.50,1.50,122.584110
14-Dec-2018,1.50,1.50,122.599223
17-Dec-2018,1.50,1.50,122.604261
18-Dec-2018,1.50,1.50,122.609300
19-Dec-2018,1.50,1.50,122.614339
20-Dec-2018,1.50,1.50,122.619377
21-Dec-2018,1.50,1.50,122.634495
24-Dec-2018,1.50,1.50,122.649614
27-Dec-2018,1.50,1.50,122.654655
28-Dec-2018,1.50,1.50,122.669776
31-Dec-2018,1.50,1.50,122.679859
02-Jan-2019,1.50,1.50,122.684901
03-Jan-2019,1.50,1.50,122.689942
04-Jan-2019,1.50,1.50,122.705069
07-Jan-2019,1.50,1.50,122.710111
08-Jan-2019,1.50,1.50,122.715154
09-Jan-2019,1.50,1.50,122.720197
10-Jan-2019,1.50,1.50,122.725241
11-Jan-2019,1.50,1.50,122.740371
14-Jan-2019,1.50,1.50,122.745415
15-Jan-2019,1.50,1.50,122.750459
16-Jan-2019,1.50,1.50,122.755504
17-Jan-2019,1.50,1.50,122.760549
18-Jan-2019,1.50,1.50,122.775684
21-Jan-2019,1.50,1.50,122.780729
22-Jan-2019,1.50,1.50,122.785775
23-Jan-2019,1.50,1.50,122.790821
24-Jan-2019,1.50,1.50,122.795867
25-Jan-2019,1.50,1.50,122.816053
29-Jan-2019,1.50,1.50,122.821100
30-Jan-2019,1.50,1.50,122.826147
31-Jan-2019,1.50,1.50,122.831195
01-Feb-2019,1.50,1.50,122.846339
04-Feb-2019,1.50,1.50,122.851387
05-Feb-2019,1.50,1.50,122.856436
06-Feb-2019,1.50,1.50,122.861485
07-Feb-2019,1.50,1.50,122.866534
08-Feb-2019,1.50,1.50,122.881682
11-Feb-2019,1.50,1.50,122.886732
12-Feb-2019,1.50,1.50,122.891782
13-Feb-2019,1.50,1.50,122.896832
14-Feb-2019,1.50,1.50,122.901883
15-Feb-2019,1.50,1.50,122.917035
18-Feb-2019,1.50,1.50,122.922086
19-Feb-2019,1.50,1.50,122.927138
20-Feb-2019,1.50,1.50,122.932190
21-Feb-2019,1.50,1.50,122.937242
22-Feb-2019,1.50,1.50,122.952398
25-Feb-2019,1.50,1.50,122.957451
26-Feb-2019,1.50,1.50,122.962504
27-Feb-2019,1.50,1.50,122.967558
28-Feb-2019,1.50,1.50,122.972611
01-Mar-2019,1.50,1.50,122.987772
04-Mar-2019,1.50,1.50,122.992826
05-Mar-2019,1.50,1.50,122.997881
06-Mar-2019,1.50,1.50,123.002936
07-Mar-2019,1.50,1.50,123.007990
08-Mar-2019,1.50,1.50,123.023156
11-Mar-2019,1.50,1.50,123.028212
12-Mar-2019,1.50,1.50,123.033268
13-Mar-2019,1.50,1.50,123.038324
14-Mar-2019,1.50,1.50,123.043380
15-Mar-2019,1.50,1.50,123.058550
18-Mar-2019,1.50,1.50,123.063607
19-Mar-2019,1.50,1.50,123.068664
20-Mar-2019,1.50,1.50,123.073722
21-Mar-2019,1.50,1.50,123.078780
22-Mar-2019,1.50,1.50,123.093954
25-Mar-2019,1.50,1.50,123.099013
26-Mar-2019,1.50,1.50,123.104071
27-Mar-2019,1.50,1.50,123.109131
28-Mar-2019,1.50,1.50,123.114190
29-Mar-2019,1.50,1.50,123.129368
01-Apr-2019,1.50,1.50,123.134428
02-Apr-2019,1.50,1.50,123.139489
03-Apr-2019,1.50,1.50,123.144549
04-Apr-2019,1.50,1.50,123.149610
05-Apr-2019,1.50,1.50,123.164793
08-Apr-2019,1.50,1.50,123.169854
09-Apr-2019,1.50,1.50,123.174916
10-Apr-2019,1.50,1.50,123.179978
11-Apr-2019,1.50,1.50,123.185040
12-Apr-2019,1.50,1.50,123.200228
15-Apr-2019,1.50,1.50,123.205291
16-Apr-2019,1.50,1.50,123.210354
17-Apr-2019,1.50,1.50,123.215417
18-Apr-2019,1.50,1.50,123.240735
23-Apr-2019,1.50,1.50,123.245800
24-Apr-2019,1.50,1.50,123.255930
26-Apr-2019,1.50,1.50,123.271126
29-Apr-2019,1.50,1.50,123.276192
30-Apr-2019,1.50,1.50,123.281258
01-May-2019,1.50,1.50,123.286324
02-May-2019,1.50,1.50,123.291391
03-May-2019,1.50,1.50,123.306591
06-May-2019,1.50,1.50,123.311659
07-May-2019,1.50,1.50,123.316726
08-May-2019,1.50,1.50,123.321794
09-May-2019,1.50,1.50,123.326862
10-May-2019,1.50,1.50,123.342067
13-May-2019,1.50,1.50,123.347136
14-May-2019,1.50,1.50,123.352205
15-May-2019,1.50,1.50,123.357274
16-May-2019,1.50,1.50,123.362343
17-May-2019,1.50,1.50,123.377552
20-May-2019,1.50,1.50,123.382623
21-May-2019,1.50,1.50,123.387693
22-May-2019,1.50,1.50,123.392764
23-May-2019,1.50,1.50,123.397835
24-May-2019,1.50,1.50,123.413048
27-May-2019,1.50,1.50,123.418120
28-May-2019,1.50,1.50,123.423192
29-May-2019,1.50,1.50,123.428264
30-May-2019,1.50,1.50,123.433337
31-May-2019,1.50,1.50,123.448554
03-Jun-2019,1.50,1.50,123.453628
04-Jun-2019,1.50,1.50,123.458701
05-Jun-2019,1.25,1.25,123.462929
06-Jun-2019,1.25,1.25,123.467157
07-Jun-2019,1.25,1.25,123.484071
11-Jun-2019,1.25,1.25,123.488300
12-Jun-2019,1.25,1.25,123.492529
13-Jun-2019,1.25,1.25,123.496758
14-Jun-2019,1.25,1.25,123.509446
17-Jun-2019,1.25,1.25,123.513676
18-Jun-2019,1.25,1.25,123.517906
19-Jun-2019,1.25,1.25,123.522136
20-Jun-2019,1.25,1.25,123.526366
21-Jun-2019,1.25,1.25,123.539057
24-Jun-2019,1.25,1.25,123.543288
25-Jun-2019,1.25,1.25,123.547519
26-Jun-2019,1.25,1.25,123.551750
27-Jun-2019,1.25,1.25,123.555981
28-Jun-2019,1.25,1.25,123.568675
01-Jul-2019,1.25,1.25,123.572907
02-Jul-2019,1.25,1.25,123.577139
03-Jul-2019,1.00,1.00,123.580524
04-Jul-2019,1.00,1.00,123.583910
05-Jul-2019,1.00,1.00,123.594068
08-Jul-2019,1.00,1.00,123.597454
09-Jul-2019,1.00,1.00,123.600840
10-Jul-2019,1.00,1.00,123.604226
11-Jul-2019,1.00,1.00,123.607613
12-Jul-2019,1.00,1.00,123.617772
15-Jul-2019,1.00,1.00,123.621159
16-Jul-2019,1.00,1.00,123.624546
17-Jul-2019,1.00,1.00,123.627933
18-Jul-2019,1.00,1.00,123.631320
19-Jul-2019,1.00,1.00,123.641482
22-Jul-2019,1.00,1.00,123.644869
23-Jul-2019,1.00,1.00,123.648257
24-Jul-2019,1.00,1.00,123.651644
25-Jul-2019,1.00,1.00,123.655032
26-Jul-2019,1.00,1.00,123.665195
29-Jul-2019,1.00,1.00,123.668583
30-Jul-2019,1.00,1.00,123.671972
31-Jul-2019,1.00,1.00,123.675360
01-Aug-2019,1.00,1.00,123.678748
02-Aug-2019,1.00,1.00,123.688914
05-Aug-2019,1.00,1.00,123.692302
06-Aug-2019,1.00,1.00,123.695691
07-Aug-2019,1.00,1.00,123.699080
08-Aug-2019,1.00,1.00,123.702469
09-Aug-2019,1.00,1.00,123.712636
12-Aug-2019,1.00,1.00,123.716026
13-Aug-2019,1.00,1.00,123.719415
14-Aug-2019,1.00,1.00,123.722805
15-Aug-2019,1.00,1.00,123.726195
16-Aug-2019,1.00,1.00,123.736364
19-Aug-2019,1.00,1.00,123.739754
20-Aug-2019,1.00,1.00,123.743144
21-Aug-2019,1.00,1.00,123.746534
22-Aug-2019,1.00,1.00,123.749925
23-Aug-2019,1.00,1.00,123.760096
26-Aug-2019,1.00,1.00,123.763486
27-Aug-2019,1.00,1.00,123.766877
28-Aug-2019,1.00,1.00,123.770268
29-Aug-2019,1.00,1.00,123.773659
30-Aug-2019,1.00,1.00,123.783832
02-Sep-2019,1.00,1.00,123.787224
03-Sep-2019,1.00,1.00,123.790615
04-Sep-2019,1.00,1.00,123.794007
05-Sep-2019,1.00,1.00,123.797398
06-Sep-2019,1.00,1.00,123.807573
09-Sep-2019,1.00,1.00,123.810965
10-Sep-2019,1.00,1.00,123.814357
11-Sep-2019,1.00,1.00,123.817750
12-Sep-2019,1.00,1.00,123.821142
13-Sep-2019,1.00,1.00,123.831319
16-Sep-2019,1.00,1.00,123.834712
17-Sep-2019,1.00,1.00,123.838104
18-Sep-2019,1.00,1.00,123.841497
19-Sep-2019,1.00,1.00,123.844890
20-Sep-2019,1.00,1.00,123.855069
23-Sep-2019,1.00,1.00,123.858462
24-Sep-2019,1.00,1.00,123.861856
25-Sep-2019,1.00,1.00,123.865249
26-Sep-2019,1.00,1.00,123.868643
27-Sep-2019,1.00,1.00,123.878824
30-Sep-2019,1.00,1.00,123.882218
01-Oct-2019,1.00,1.00,123.885612
02-Oct-2019,0.75,0.75,123.888157
03-Oct-2019,0.75,0.75,123.890703
04-Oct-2019,0.75,0.75,123.898340
07-Oct-2019,0.75,0.75,123.900886
08-Oct-2019,0.75,0.75,123.903432
09-Oct-2019,0.75,0.75,123.905978
10-Oct-2019,0.75,0.75,123.908524
11-Oct-2019,0.75,0.75,123.916162
14-Oct-2019,0.75,0.75,123.918708
15-Oct-2019,0.75,0.75,123.921254
16-Oct-2019,0.75,0.75,123.923801
17-Oct-2019,0.75,0.75,123.926347
18-Oct-2019,0.75,0.75,123.933986
21-Oct-2019,0.75,0.75,123.936533
22-Oct-2019,0.75,0.75,123.939080
23-Oct-2019,0.75,0.75,123.941626
24-Oct-2019,0.75,0.75,123.944173
25-Oct-2019,0.75,0.75,123.951814
28-Oct-2019,0.75,0.75,123.954361
29-Oct-2019,0.75,0.75,123.956908
30-Oct-2019,0.75,0.75,123.959455
31-Oct-2019,0.75,0.75,123.962002
01-Nov-2019,0.75,0.75,123.969643
04-Nov-2019,0.75,0.75,123.972191
05-Nov-2019,0.75,0.75,123.974738
06-Nov-2019,0.75,0.75,123.977285
07-Nov-2019,0.75,0.75,123.979833
08-Nov-2019,0.75,0.75,123.987475
11-Nov-2019,0.75,0.75,123.990023
12-Nov-2019,0.75,0.75,123.992571
13-Nov-2019,0.75,0.75,123.995119
14-Nov-2019,0.75,0.75,123.997666
15-Nov-2019,0.75,0.75,124.005310
18-Nov-2019,0.75,0.75,124.007858
19-Nov-2019,0.75,0.75,124.010406
20-Nov-2019,0.75,0.75,124.012954
21-Nov-2019,0.75,0.75,124.015503
22-Nov-2019,0.75,0.75,124.023147
25-Nov-2019,0.75,0.75,124.025696
26-Nov-2019,0.75,0.75,124.028244
27-Nov-2019,0.75,0.75,124.030793
28-Nov-2019,0.75,0.75,124.033341
29-Nov-2019,0.75,0.75,124.040987
02-Dec-2019,0.75,0.75,124.043536
03-Dec-2019,0.75,0.75,124.046085
04-Dec-2019,0.75,0.75,124.048634
05-Dec-2019,0.75,0.75,124.051183
06-Dec-2019,0.75,0.75,124.058830
09-Dec-2019,0.75,0.75,124.061379
10-Dec-2019,0.75,0.75,124.063928
11-Dec-2019,0.75,0.75,124.066477
12-Dec-2019,0.75,0.75,124.069027
13-Dec-2019,0.75,0.75,124.076675
16-Dec-2019,0.75,0.75,124.079224
17-Dec-2019,0.75,0.75,124.081774
18-Dec-2019,0.75,0.75,124.084324
19-Dec-2019,0.75,0.75,124.086873
20-Dec-2019,0.75,0.75,124.094522
23-Dec-2019,0.75,0.75,124.097072
24-Dec-2019,0.75,0.75,124.104722
27-Dec-2019,0.75,0.75,124.112372
30-Dec-2019,0.75,0.75,124.114923
31-Dec-2019,0.75,0.75,124.120023
02-Jan-2020,0.75,0.75,124.122574
03-Jan-2020,0.75,0.75,124.130225
06-Jan-2020,0.75,0.75,124.132776
07-Jan-2020,0.75,0.75,124.135326
08-Jan-2020,0.75,0.75,124.137877
09-Jan-2020,0.75,0.75,124.140428
10-Jan-2020,0.75,0.75,124.148080
13-Jan-2020,0.75,0.75,124.150631
14-Jan-2020,0.75,0.75,124.153182
15-Jan-2020,0.75,0.75,124.155733
16-Jan-2020,0.75,0.75,124.158285
17-Jan-2020,0.75,0.75,124.165938
20-Jan-2020,0.75,0.75,124.168490
21-Jan-2020,0.75,0.75,124.171041
22-Jan-2020,0.75,0.75,124.173592
23-Jan-2020,0.75,0.75,124.176144
24-Jan-2020,0.75,0.75,124.186350
28-Jan-2020,0.75,0.75,124.188902
29-Jan-2020,0.75,0.75,124.191454
30-Jan-2020,0.75,0.75,124.194006
31-Jan-2020,0.75,0.75,124.201661
03-Feb-2020,0.75,0.75,124.204214
04-Feb-2020,0.75,0.75,124.206766
05-Feb-2020,0.75,0.75,124.209318
06-Feb-2020,0.75,0.75,124.211870
07-Feb-2020,0.75,0.75,124.219527
10-Feb-2020,0.75,0.75,124.222080
11-Feb-2020,0.75,0.75,124.224632
12-Feb-2020,0.75,0.75,124.227185
13-Feb-2020,0.75,0.75,124.229737
14-Feb-2020,0.75,0.75,124.237395
17-Feb-2020,0.75,0.75,124.239948
18-Feb-2020,0.75,0.75,124.242501
19-Feb-2020,0.75,0.75,124.245054
20-Feb-2020,0.75,0.75,124.247607
21-Feb-2020,0.75,0.75,124.255266
24-Feb-2020,0.75,0.75,124.257819
25-Feb-2020,0.75,0.75,124.260372
26-Feb-2020,0.75,0.75,124.262926
27-Feb-2020,0.75,0.75,124.265479
28-Feb-2020,0.75,0.75,124.273139
02-Mar-2020,0.75,0.75,124.275693
03-Mar-2020,0.75,0.75,124.278246
04-Mar-2020,0.50,0.50,124.279949
05-Mar-2020,0.50,0.50,124.281651
06-Mar-2020,0.50,0.50,124.286759
09-Mar-2020,0.50,0.50,124.288461
10-Mar-2020,0.50,0.50,124.290164
11-Mar-2020,0.50,0.50,124.291866
12-Mar-2020,0.50,0.50,124.293569
13-Mar-2020,0.50,0.50,124.298677
16-Mar-2020,0.50,0.50,124.300380
17-Mar-2020,0.50,0.50,124.302083
18-Mar-2020,0.50,0.50,124.303785
19-Mar-2020,0.50,0.50,124.305488
20-Mar-2020,0.25,0.25,124.308042
23-Mar-2020,0.25,0.25,124.308894
24-Mar-2020,0.25,0.25,124.309745
25-Mar-2020,0.25,0.24,124.310563
26-Mar-2020,0.25,0.23,124.311346
27-Mar-2020,0.25,0.22,124.313594
30-Mar-2020,0.25,0.23,124.314377
31-Mar-2020,0.25,0.20,124.315058
01-Apr-2020,0.25,0.20,124.315739
02-Apr-2020,0.25,0.19,124.316387
03-Apr-2020,0.25,0.18,124.318226
06-Apr-2020,0.25,0.18,124.318839
07-Apr-2020,0.25,0.17,124.319418
08-Apr-2020,0.25,0.17,124.319997
09-Apr-2020,0.25,0.17,124.322892
14-Apr-2020,0.25,0.17,124.323471
15-Apr-2020,0.25,0.16,124.324016
16-Apr-2020,0.25,0.15,124.324527
17-Apr-2020,0.25,0.15,124.326060
20-Apr-2020,0.25,0.15,124.326571
21-Apr-2020,0.25,0.14,124.327047
22-Apr-2020,0.25,0.14,124.327524
23-Apr-2020,0.25,0.14,124.328001
24-Apr-2020,0.25,0.14,124.329432
27-Apr-2020,0.25,0.13,124.329875
28-Apr-2020,0.25,0.13,124.330317
29-Apr-2020,0.25,0.13,124.330760
30-Apr-2020,0.25,0.14,124.331237
01-May-2020,0.25,0.14,124.332668
04-May-2020,0.25,0.14,124.333145
05-May-2020,0.25,0.14,124.333622
06-May-2020,0.25,0.14,124.334099
07-May-2020,0.25,0.14,124.334575
08-May-2020,0.25,0.14,124.336006
11-May-2020,0.25,0.14,124.336483
12-May-2020,0.25,0.14,124.336960
13-May-2020,0.25,0.14,124.337437
14-May-2020,0.25,0.13,124.337880
15-May-2020,0.25,0.13,124.339208
18-May-2020,0.25,0.13,124.339651
19-May-2020,0.25,0.13,124.340094
20-May-2020,0.25,0.13,124.340537
21-May-2020,0.25,0.13,124.340980
22-May-2020,0.25,0.13,124.342308
25-May-2020,0.25,0.13,124.342751
26-May-2020,0.25,0.13,124.343194
27-May-2020,0.25,0.13,124.343637
28-May-2020,0.25,0.14,124.344114
29-May-2020,0.25,0.14,124.345545
01-Jun-2020,0.25,0.15,124.346056
02-Jun-2020,0.25,0.15,124.346567
03-Jun-2020,0.25,0.14,124.347044
04-Jun-2020,0.25,0.14,124.347520
05-Jun-2020,0.25,0.14,124.349428
09-Jun-2020,0.25,0.14,124.349905
10-Jun-2020,0.25,0.14,124.350382
11-Jun-2020,0.25,0.14,124.350859
12-Jun-2020,0.25,0.14,124.352290
15-Jun-2020,0.25,0.13,124.352733
16-Jun-2020,0.25,0.13,124.353176
17-Jun-2020,0.25,0.13,124.353619
18-Jun-2020,0.25,0.13,124.354062
19-Jun-2020,0.25,0.13,124.355390
22-Jun-2020,0.25,0.13,124.355833
23-Jun-2020,0.25,0.13,124.356276
24-Jun-2020,0.25,0.13,124.356719
25-Jun-2020,0.25,0.13,124.357162
26-Jun-2020,0.25,0.13,124.358491
29-Jun-2020,0.25,0.13,124.358934
30-Jun-2020,0.25,0.14,124.359411
01-Jul-2020,0.25,0.14,124.359888
02-Jul-2020,0.25,0.14,124.360365
03-Jul-2020,0.25,0.13,124.361693
06-Jul-2020,0.25,0.13,124.362136
07-Jul-2020,0.25,0.13,124.362579
08-Jul-2020,0.25,0.13,124.363022
09-Jul-2020,0.25,0.13,124.363465
10-Jul-2020,0.25,0.13,124.364794
13-Jul-2020,0.25,0.13,124.365237
14-Jul-2020,0.25,0.13,124.365680
15-Jul-2020,0.25,0.13,124.366123
16-Jul-2020,0.25,0.13,124.366566
17-Jul-2020,0.25,0.13,124.367895
20-Jul-2020,0.25,0.13,124.368338
21-Jul-2020,0.25,0.13,124.368781
22-Jul-2020,0.25,0.13,124.369223
23-Jul-2020,0.25,0.13,124.369666
24-Jul-2020,0.25,0.13,124.370995
27-Jul-2020,0.25,0.13,124.371438
28-Jul-2020,0.25,0.13,124.371881
29-Jul-2020,0.25,0.13,124.372324
30-Jul-2020,0.25,0.13,124.372767
31-Jul-2020,0.25,0.13,124.374096
03-Aug-2020,0.25,0.13,124.374539
04-Aug-2020,0.25,0.13,124.374982
05-Aug-2020,0.25,0.14,124.375459
06-Aug-2020,0.25,0.14,124.375936
07-Aug-2020,0.25,0.14,124.377367
10-Aug-2020,0.25,0.13,124.377810
11-Aug-2020,0.25,0.13,124.378253
12-Aug-2020,0.25,0.13,124.378696
13-Aug-2020,0.25,0.13,124.379139
14-Aug-2020,0.25,0.13,124.380468
17-Aug-2020,0.25,0.13,124.380911
18-Aug-2020,0.25,0.13,124.381354
19-Aug-2020,0.25,0.13,124.381797
20-Aug-2020,0.25,0.13,124.382240
21-Aug-2020,0.25,0.13,124.383569
24-Aug-2020,0.25,0.13,124.384012
25-Aug-2020,0.25,0.13,124.384455
26-Aug-2020,0.25,0.13,124.384898
27-Aug-2020,0.25,0.13,124.385341
28-Aug-2020,0.25,0.13,124.386670
31-Aug-2020,0.25,0.13,124.387113
01-Sep-2020,0.25,0.13,124.387556
02-Sep-2020,0.25,0.13,124.387999
03-Sep-2020,0.25,0.13,124.388442
04-Sep-2020,0.25,0.13,124.389772
07-Sep-2020,0.25,0.13,124.390215
08-Sep-2020,0.25,0.13,124.390658
09-Sep-2020,0.25,0.13,124.391101
10-Sep-2020,0.25,0.13,124.391544
11-Sep-2020,0.25,0.13,124.392873
14-Sep-2020,0.25,0.13,124.393316
15-Sep-2020,0.25,0.13,124.393759
16-Sep-2020,0.25,0.13,124.394202
17-Sep-2020,0.25,0.13,124.394645
18-Sep-2020,0.25,0.13,124.395974
21-Sep-2020,0.25,0.13,124.396417
22-Sep-2020,0.25,0.13,124.396860
23-Sep-2020,0.25,0.13,124.397303
24-Sep-2020,0.25,0.13,124.397746
25-Sep-2020,0.25,0.13,124.399076
28-Sep-2020,0.25,0.13,124.399519
29-Sep-2020,0.25,0.13,124.399962
30-Sep-2020,0.25,0.13,124.400405
01-Oct-2020,0.25,0.13,124.400848
02-Oct-2020,0.25,0.13,124.402200
05-Oct-2020,0.25,0.13,124.402620
06-Oct-2020,0.25,0.13,124.403063
07-Oct-2020,0.25,0.13,124.403506
08-Oct-2020,0.25,0.13,124.403949
09-Oct-2020,0.25,0.13,124.405279
12-Oct-2020,0.25,0.13,124.405722
13-Oct-2020,0.25,0.13,124.406165
14-Oct-2020,0.25,0.13,124.406608
15-Oct-2020,0.25,0.13,124.407051
16-Oct-2020,0.25,0.13,124.408380
19-Oct-2020,0.25,0.13,124.408823
20-Oct-2020,0.25,0.13,124.409266
21-Oct-2020,0.25,0.13,124.409710
22-Oct-2020,0.25,0.13,124.410153
23-Oct-2020,0.25,0.13,124.411482
26-Oct-2020,0.25,0.13,124.411925
27-Oct-2020,0.25,0.13,124.412368
28-Oct-2020,0.25,0.13,124.412811
29-Oct-2020,0.25,0.13,124.413254
30-Oct-2020,0.25,0.13,124.414584
02-Nov-2020,0.25,0.13,124.415027
03-Nov-2020,0.25,0.13,124.415470
04-Nov-2020,0.10,0.04,124.415606
05-Nov-2020,0.10,0.04,124.415743
06-Nov-2020,0.10,0.04,124.416152
09-Nov-2020,0.10,0.05,124.416322
10-Nov-2020,0.10,0.05,124.416493
11-Nov-2020,0.10,0.05,124.416663
12-Nov-2020,0.10,0.05,124.416833
13-Nov-2020,0.10,0.05,124.417345
16-Nov-2020,0.10,0.05,124.417515
17-Nov-2020,0.10,0.05,124.417686
18-Nov-2020,0.10,0.05,124.417856
19-Nov-2020,0.10,0.05,124.418027
20-Nov-2020,0.10,0.05,124.418538
23-Nov-2020,0.10,0.05,124.418708
24-Nov-2020,0.10,0.05,124.418879
25-Nov-2020,0.10,0.05,124.419049
26-Nov-2020,0.10,0.05,124.419220
27-Nov-2020,0.10,0.05,124.419731
30-Nov-2020,0.10,0.05,124.419901
01-Dec-2020,0.10,0.05,124.420072
02-Dec-2020,0.10,0.04,124.420208
03-Dec-2020,0.10,0.04,124.420344
04-Dec-2020,0.10,0.04,124.420753
07-Dec-2020,0.10,0.04,124.420890
08-Dec-2020,0.10,0.04,124.421026
09-Dec-2020,0.10,0.04,124.421163
10-Dec-2020,0.10,0.04,124.421299
11-Dec-2020,0.10,0.04,124.421708
14-Dec-2020,0.10,0.04,124.421844
15-Dec-2020,0.10,0.04,124.421981
16-Dec-2020,0.10,0.04,124.422117
17-Dec-2020,0.10,0.04,124.422253
18-Dec-2020,0.10,0.04,124.422662
21-Dec-2020,0.10,0.04,124.422799
22-Dec-2020,0.10,0.04,124.422935
23-Dec-2020,0.10,0.04,124.423071
24-Dec-2020,0.10,0.04,124.423753
29-Dec-2020,0.10,0.04,124.423890
30-Dec-2020,0.10,0.04,124.424026
31-Dec-2020,0.10,0.04,124.424571
04-Jan-2021,0.10,0.04,124.424708
05-Jan-2021,0.10,0.04,124.424844
06-Jan-2021,0.10,0.03,124.424946
07-Jan-2021,0.10,0.03,124.425049
08-Jan-2021,0.10,0.03,124.425355
11-Jan-2021,0.10,0.03,124.425458
12-Jan-2021,0.10,0.03,124.425560
13-Jan-2021,0.10,0.03,124.425662
14-Jan-2021,0.10,0.03,124.425765
15-Jan-2021,0.10,0.03,124.426071
18-Jan-2021,0.10,0.03,124.426174
19-Jan-2021,0.10,0.03,124.426276
20-Jan-2021,0.10,0.03,124.426378
21-Jan-2021,0.10,0.03,124.426480
22-Jan-2021,0.10,0.03,124.426787
25-Jan-2021,0.10,0.03,124.426992
27-Jan-2021,0.10,0.03,124.427094
28-Jan-2021,0.10,0.03,124.427196
29-Jan-2021,0.10,0.03,124.427503
01-Feb-2021,0.10,0.03,124.427605
02-Feb-2021,0.10,0.03,124.427708
03-Feb-2021,0.10,0.03,124.427810
04-Feb-2021,0.10,0.03,124.427912
05-Feb-2021,0.10,0.03,124.428219
08-Feb-2021,0.10,0.03,124.428321
09-Feb-2021,0.10,0.03,124.428423
10-Feb-2021,0.10,0.03,124.428526
11-Feb-2021,0.10,0.03,124.428628
12-Feb-2021,0.10,0.03,124.428935
15-Feb-2021,0.10,0.03,124.429037
16-Feb-2021,0.10,0.03,124.429139
17-Feb-2021,0.10,0.03,124.429242
18-Feb-2021,0.10,0.03,124.429344
19-Feb-2021,0.10,0.03,124.429651
22-Feb-2021,0.10,0.03,124.429753
23-Feb-2021,0.10,0.03,124.429855
24-Feb-2021,0.10,0.03,124.429958
25-Feb-2021,0.10,0.03,124.430060
26-Feb-2021,0.10,0.03,124.430367
01-Mar-2021,0.10,0.03,124.430469
02-Mar-2021,0.10,0.03,124.430571
03-Mar-2021,0.10,0.03,124.430673
04-Mar-2021,0.10,0.03,124.430776
05-Mar-2021,0.10,0.03,124.431083
08-Mar-2021,0.10,0.03,124.431185
09-Mar-2021,0.10,0.03,124.431287
10-Mar-2021,0.10,0.03,124.431389
11-Mar-2021,0.10,0.03,124.431492
12-Mar-2021,0.10,0.03,124.431798
15-Mar-2021,0.10,0.03,124.431901
16-Mar-2021,0.10,0.03,124.432003
17-Mar-2021,0.10,0.03,124.432105
18-Mar-2021,0.10,0.03,124.432208
19-Mar-2021,0.10,0.03,124.432514
22-Mar-2021,0.10,0.03,124.432617
23-Mar-2021,0.10,0.03,124.432719
24-Mar-2021,0.10,0.03,124.432821
25-Mar-2021,0.10,0.03,124.432923
26-Mar-2021,0.10,0.03,124.433230
29-Mar-2021,0.10,0.03,124.433333
30-Mar-2021,0.10,0.03,124.433435
31-Mar-2021,0.10,0.03,124.433537
01-Apr-2021,0.10,0.03,124.434048
06-Apr-2021,0.10,0.03,124.434151
07-Apr-2021,0.10,0.03,124.434253
08-Apr-2021,0.10,0.03,124.434355
09-Apr-2021,0.10,0.03,124.434662
12-Apr-2021,0.10,0.03,124.434764
13-Apr-2021,0.10,0.03,124.434867
14-Apr-2021,0.10,0.03,124.434969
15-Apr-2021,0.10,0.03,124.435071
16-Apr-2021,0.10,0.03,124.435378
19-Apr-2021,0.10,0.03,124.435480
20-Apr-2021,0.10,0.03,124.435583
21-Apr-2021,0.10,0.03,124.435685
22-Apr-2021,0.10,0.03,124.435787
23-Apr-2021,0.10,0.03,124.436094
26-Apr-2021,0.10,0.03,124.436196
27-Apr-2021,0.10,0.03,124.436299
28-Apr-2021,0.10,0.03,124.436401
29-Apr-2021,0.10,0.03,124.436503
30-Apr-2021,0.10,0.03,124.436810
03-May-2021,0.10,0.03,124.436912
04-May-2021,0.10,0.03,124.437014
05-May-2021,0.10,0.03,124.437117
06-May-2021,0.10,0.03,124.437219
07-May-2021,0.10,0.03,124.437526
10-May-2021,0.10,0.03,124.437628
11-May-2021,0.10,0.03,124.437730
12-May-2021,0.10,0.03,124.437833
13-May-2021,0.10,0.03,124.437935
14-May-2021,0.10,0.03,124.438242
17-May-2021,0.10,0.03,124.438344
18-May-2021,0.10,0.03,124.438446
19-May-2021,0.10,0.03,124.438549
20-May-2021,0.10,0.03,124.438651
21-May-2021,0.10,0.03,124.438958
24-May-2021,0.10,0.03,124.439060
25-May-2021,0.10,0.03,124.439162
26-May-2021,0.10,0.03,124.439265
27-May-2021,0.10,0.03,124.439367
28-May-2021,0.10,0.03,124.439674
31-May-2021,0.10,0.03,124.439776
01-Jun-2021,0.10,0.03,124.439878
02-Jun-2021,0.10,0.03,124.439981
03-Jun-2021,0.10,0.03,124.440083
04-Jun-2021,0.10,0.03,124.440390
07-Jun-2021,0.10,0.03,124.440492
08-Jun-2021,0.10,0.03,124.440594
09-Jun-2021,0.10,0.03,124.440696
10-Jun-2021,0.10,0.03,124.440799
11-Jun-2021,0.10,0.03,124.441208
15-Jun-2021,0.10,0.03,124.441310
16-Jun-2021,0.10,0.03,124.441412
17-Jun-2021,0.10,0.03,124.441515
18-Jun-2021,0.10,0.03,124.441822
21-Jun-2021,0.10,0.03,124.441924
22-Jun-2021,0.10,0.03,124.442026
23-Jun-2021,0.10,0.03,124.442128
24-Jun-2021,0.10,0.03,124.442231
25-Jun-2021,0.10,0.03,124.442538
28-Jun-2021,0.10,0.03,124.442640
29-Jun-2021,0.10,0.03,124.442742
30-Jun-2021,0.10,0.03,124.442844
01-Jul-2021,,,
