Time,TotalEmployed,TotalEmployed_M,TotalEmployed_F,Employment_To_Population_Ratio,Employment_To_Population_Ratio_M,Employment_To_Population_Ratio_F,TotalUnemployed,TotalUnemployed_M,TotalUnemployed_F,Population 15 and over,Population 15 and over_M,Population 15 and over_F
Feb-78,5985.7,3887.4,2098.3,57.1,75.1,39.5,482.8,256.4,226.4,10489.3,5173.6,5315.7
Mar-78,6040.6,3900.6,2139.9,57.5,75.3,40.2,424.8,219.8,205,10508.6,5182.8,5325.8
Apr-78,6054.2,3899.1,2155.1,57.6,75.2,40.4,403.4,211.9,191.5,10518.7,5187.5,5331.2
May-78,6038.3,3888.6,2149.7,57.3,74.9,40.3,398.4,210.7,187.7,10530.7,5193.2,5337.5
Jun-78,6031.3,3883.6,2147.8,57.2,74.7,40.2,393.5,216.7,176.8,10543.4,5198.1,5345.3
Jul-78,6036.1,3869.9,2166.2,57.2,74.4,40.5,380.5,212.4,168.2,10555.4,5203.9,5351.5
Aug-78,6005.4,3850.9,2154.4,56.8,73.9,40.2,398.3,222.2,176.1,10570.5,5210.8,5359.7
Sep-78,6024.3,3860.4,2163.9,56.9,74,40.3,387.3,219.3,168,10586.9,5218.8,5368.1
Oct-78,6045.9,3874.2,2171.6,57,74.2,40.4,370.4,209.2,161.2,10598.3,5224.1,5374.2
Nov-78,6033.8,3863.5,2170.3,56.9,73.9,40.3,372.8,207.5,165.2,10612.9,5230.4,5382.5
Dec-78,6125.4,3936,2189.3,57.6,75.1,40.6,444.6,242.9,201.7,10629,5237.8,5391.2
Jan-79,5971.3,3884.1,2087.2,56.1,74.1,38.7,449.9,251.4,198.5,10643.8,5244.9,5398.9
Feb-79,6050.7,3907.8,2142.9,56.8,74.4,39.6,458.1,243.2,214.9,10660.7,5253.1,5407.6
Mar-79,6096.2,3919.2,2176.9,57.1,74.5,40.2,428.4,224.2,204.2,10679.9,5262.4,5417.5
Apr-79,6087.7,3920.4,2167.2,56.9,74.4,40,420.6,219.1,201.5,10692.1,5268.1,5424
May-79,6075.6,3922.3,2153.3,56.7,74.4,39.6,400.1,211.7,188.4,10706.5,5274.8,5431.6
Jun-79,6095.7,3928,2167.7,56.8,74.3,39.8,393,207.3,185.7,10724.4,5284.2,5440.1
Jul-79,6103.9,3927.8,2176.2,56.9,74.3,40,387.1,203.6,183.5,10736.4,5289.7,5446.7
Aug-79,6078.5,3921.1,2157.4,56.5,74,39.6,377.5,197.5,179.9,10750.7,5296.3,5454.4
Sep-79,6157.8,3957.1,2200.7,57.2,74.6,40.3,400.4,202.8,197.6,10766.9,5303.9,5463
Oct-79,6164,3947.1,2216.9,57.2,74.3,40.5,391.4,197.3,194.1,10781.2,5310.2,5471
Nov-79,6188.8,3946.7,2242.1,57.3,74.2,40.9,363.6,185,178.6,10797.6,5317.7,5479.9
Dec-79,6257.2,4006.7,2250.4,57.9,75.2,41,431,226,205,10816.1,5326.3,5489.9
Jan-80,6112.9,3951.3,2161.6,56.4,74.1,39.3,441.7,243.9,197.8,10829.1,5332.5,5496.5
Feb-80,6207.2,3972.7,2234.6,57.2,74.4,40.6,448.5,231.9,216.7,10844.1,5339.8,5504.3
Mar-80,6278.7,3984.4,2294.2,57.8,74.5,41.6,415.6,212.9,202.8,10861,5348.3,5512.7
Apr-80,6224.9,3962,2262.9,57.2,74,41,408,208.4,199.5,10875.6,5354.9,5520.7
May-80,6273.4,3995.5,2278,57.6,74.5,41.2,416.6,220.9,195.6,10892,5362.7,5529.3
Jun-80,6269.9,3984.3,2285.6,57.5,74.2,41.3,409.3,210.3,199,10909.7,5370.9,5538.8
Jul-80,6314.1,3995.4,2318.6,57.8,74.3,41.8,387.6,206.1,181.5,10924.1,5377.7,5546.4
Aug-80,6281.4,3982.8,2298.5,57.4,74,41.4,394.5,209.6,184.9,10940.7,5385.6,5555.1
Sep-80,6360,4021.4,2338.6,58,74.5,42,407.6,211.6,196,10959.6,5394.6,5565
Oct-80,6320.2,4013.3,2307,57.6,74.3,41.4,378.5,195.5,183,10977.2,5403,5574.2
Nov-80,6342,4017.5,2324.4,57.7,74.2,41.6,359.6,183.6,176.1,10997,5412.5,5584.5
Dec-80,6426.6,4092.4,2334.2,58.3,75.5,41.7,435.7,227,208.7,11019.1,5423.1,5596
Jan-81,6253,4028.9,2224.1,56.7,74.2,39.7,433.8,234.9,198.9,11036.9,5432,5604.9
Feb-81,6356.5,4064,2292.5,57.5,74.7,40.8,427.7,221.1,206.6,11057,5442,5615
Mar-81,6428.1,4089.2,2338.9,58,75,41.6,413.3,204.1,209.2,11079.3,5453.1,5626.2
Apr-81,6426.3,4081.7,2344.6,57.9,74.8,41.6,379.5,188.7,190.7,11093.6,5459.9,5633.7
May-81,6412.4,4076.7,2335.7,57.7,74.6,41.4,379.3,194.1,185.2,11110.2,5467.9,5642.3
Jun-81,6413.9,4074.4,2339.6,57.6,74.4,41.4,353.7,182.5,171.2,11128,5476,5651.9
Jul-81,6425.3,4078.1,2347.2,57.6,74.3,41.5,378.2,197.3,180.9,11146.7,5485.5,5661.2
Aug-81,6393.7,4057.9,2335.8,57.3,73.8,41.2,380.6,200.5,180.1,11165.5,5494.9,5670.5
Sep-81,6502.7,4099.5,2403.2,58.1,74.5,42.3,394,210,183.9,11184.2,5504.4,5679.8
Oct-81,6445.3,4062.9,2382.4,57.5,73.7,41.9,374,200.8,173.1,11204.6,5514.3,5690.3
Nov-81,6433.3,4052.6,2380.7,57.3,73.4,41.8,375,201.5,173.5,11224.9,5524.1,5700.8
Dec-81,6506.9,4111,2395.9,57.9,74.3,41.9,437.6,233.8,203.7,11245.3,5534,5711.3
Jan-82,6355.5,4070.6,2284.9,56.4,73.4,39.9,443.9,239.9,204,11266,5544.6,5721.5
Feb-82,6432.4,4093.1,2339.3,57,73.7,40.8,488.8,252.9,235.9,11286.1,5555.2,5731
Mar-82,6497.4,4102.1,2395.2,57.5,73.7,41.7,463.9,239.1,224.8,11306.8,5565.7,5741.1
Apr-82,6431.6,4072.8,2358.8,56.8,73.1,41,440,228.1,211.9,11326,5574.9,5751.1
May-82,6440.9,4077.4,2363.5,56.8,73,41,453.8,240.9,212.9,11344.5,5584.1,5760.4
Jun-82,6414.3,4064.9,2349.3,56.4,72.7,40.7,451.6,240.6,211,11362.9,5593.2,5769.7
Jul-82,6425.9,4063.9,2362,56.5,72.5,40.9,453.4,254.1,199.3,11380.5,5601.9,5778.6
Aug-82,6379.3,4024.3,2355,56,71.7,40.7,461.4,271.7,189.7,11398.1,5610.6,5787.5
Sep-82,6443.5,4065.7,2377.9,56.4,72.3,41,509.1,294.3,214.7,11415.9,5619.6,5796.3
Oct-82,6421.1,4049.4,2371.6,56.2,72,40.9,540.6,308.2,232.4,11430.4,5626.4,5804
Nov-82,6366.8,4002.6,2364.3,55.6,71.1,40.7,555.2,327.7,227.5,11444.1,5632.5,5811.7
Dec-82,6370.1,4003.7,2366.4,55.6,71,40.7,677.5,405.1,272.4,11459.1,5639.6,5819.5
Jan-83,6172,3924.4,2247.7,53.8,69.5,38.6,694.6,431.7,262.9,11478.9,5649.5,5829.4
Feb-83,6263.9,3951.8,2312.1,54.5,69.8,39.6,750.1,441.4,308.7,11498.1,5658.8,5839.3
Mar-83,6310.3,3944.6,2365.7,54.8,69.6,40.4,733.9,434.6,299.3,11517.8,5668.6,5849.2
Apr-83,6254.5,3928,2326.5,54.2,69.2,39.7,709.3,429.6,279.7,11536,5677.5,5858.5
May-83,6272.8,3927.3,2345.5,54.3,69.1,40,720.5,435.3,285.2,11554.4,5686.7,5867.8
Jun-83,6266.5,3924.4,2342.1,54.1,68.9,39.9,693.2,424.5,268.7,11572.6,5695.6,5877.1
Jul-83,6295,3933.1,2361.8,54.3,69,40.1,687.2,429,258.3,11589.4,5704,5885.4
Aug-83,6241.2,3903.6,2337.6,53.8,68.3,39.7,686.8,429.7,257.1,11606.2,5712.5,5893.7
Sep-83,6358.2,3971.6,2386.6,54.7,69.4,40.4,720.8,435,285.9,11623.2,5721.2,5902
Oct-83,6336.1,3958.5,2377.7,54.4,69.1,40.2,653.2,400.8,252.4,11638.3,5728.9,5909.4
Nov-83,6377.5,3966.7,2410.8,54.7,69.2,40.7,624.8,385.9,238.9,11653.2,5736.2,5917
Dec-83,6456.5,4028.2,2428.3,55.3,70.1,41,690,419.7,270.3,11668.1,5743.6,5924.5
Jan-84,6251.4,3951.7,2299.8,53.5,68.6,38.8,717.8,451.7,266.1,11688.6,5758.1,5930.6
Feb-84,6365.4,4002.6,2362.7,54.4,69.4,39.8,736.5,435.1,301.4,11705.9,5766.8,5939.1
Mar-84,6503.2,4054.5,2448.8,55.5,70.2,41.2,699.9,404.2,295.7,11723.3,5775.6,5947.7
Apr-84,6477.6,4038.3,2439.3,55.2,69.8,41,675.6,385.3,290.4,11740.4,5784,5956.3
May-84,6489.7,4041.7,2448,55.2,69.8,41,635.6,381.5,254,11757.5,5792.5,5964.9
Jun-84,6499,4045.3,2453.8,55.2,69.7,41.1,632.5,374.3,258.1,11774.6,5801,5973.6
Jul-84,6528.7,4068.9,2459.8,55.4,70,41.1,594.9,357.5,237.4,11791.7,5809.5,5982.2
Aug-84,6466.1,4018,2448.1,54.8,69.1,40.9,604,381.2,222.8,11808.8,5818,5990.9
Sep-84,6579.8,4066.1,2513.7,55.6,69.8,41.9,620.8,376.7,244.1,11826,5826.5,5999.5
Oct-84,6553.2,4059.2,2494,55.3,69.6,41.5,578.4,350.8,227.6,11844.3,5835.4,6008.8
Nov-84,6576.1,4064.8,2511.3,55.4,69.5,41.7,571.2,341.2,230,11862.6,5844.4,6018.1
Dec-84,6636,4097.5,2538.5,55.9,70,42.1,627.4,375.3,252.1,11881,5853.5,6027.5
Jan-85,6452.4,4040.1,2412.3,54.2,68.9,40,657.7,405.4,252.4,11900.8,5863.5,6037.3
Feb-85,6595.7,4086.9,2508.7,55.3,69.6,41.5,674.1,390.8,283.3,11920.6,5873.5,6047.2
Mar-85,6657.4,4097.7,2559.7,55.8,69.6,42.3,672.8,390.2,282.5,11940.7,5883.6,6057.1
Apr-85,6588.8,4076.6,2512.2,55.1,69.2,41.4,615.3,360.7,254.6,11958.1,5892.4,6065.7
May-85,6657.9,4102.8,2555.2,55.6,69.5,42.1,609.1,362.9,246.2,11975.6,5901.3,6074.3
Jun-85,6659.4,4098.3,2561,55.5,69.3,42.1,607.6,365.8,241.8,11993.1,5910.2,6082.9
Jul-85,6703.4,4116.9,2586.6,55.8,69.5,42.5,566.9,344.5,222.3,12012.3,5920,6092.3
Aug-85,6675.5,4111,2564.5,55.5,69.3,42,572.7,349.1,223.6,12031.3,5929.7,6101.6
Sep-85,6814.7,4189.4,2625.3,56.6,70.5,43,589.2,342.7,246.5,12050.5,5939.6,6111
Oct-85,6771.1,4161.3,2609.8,56.1,69.9,42.6,534.8,310.9,223.9,12073.3,5951,6122.3
Nov-85,6881.9,4209.9,2672,56.9,70.6,43.6,543.1,311.4,231.7,12096.1,5962.5,6133.5
Dec-85,6910.8,4225.6,2685.3,57,70.7,43.7,591.1,336.8,254.3,12119,5974.1,6144.9
Jan-86,6753.6,4183.4,2570.2,55.6,69.9,41.8,624.8,370.8,254.1,12141.6,5985.6,6156
Feb-86,6861.9,4205.3,2656.5,56.4,70.1,43.1,665.3,369.4,295.9,12164.2,5997,6167.2
Mar-86,6961.9,4238.2,2723.7,57.1,70.5,44.1,642.6,353.4,289.2,12186.9,6008.5,6178.4
Apr-86,6997.9,4242.3,2755.6,57.3,70.5,44.5,608.7,339.6,269.1,12207.8,6019.1,6188.7
May-86,6979,4228.1,2750.8,57.1,70.1,44.4,594.5,338,256.5,12228.7,6029.6,6199.1
Jun-86,7007.7,4257.9,2749.8,57.2,70.5,44.3,563.8,321.3,242.5,12249.7,6040.2,6209.5
Jul-86,6991.5,4228.1,2763.4,57,69.9,44.4,596.1,342.9,253.2,12270.8,6050.7,6220.1
Aug-86,6918.5,4202.6,2716,56.3,69.3,43.6,597.6,349.3,248.4,12291.8,6061.2,6230.6
Sep-86,7040.6,4260.1,2780.5,57.2,70.2,44.6,633.1,363.4,269.7,12313,6071.8,6241.3
Oct-86,7030.4,4245.1,2785.2,57,69.8,44.5,591,341.7,249.3,12334.8,6082.5,6252.3
Nov-86,7034.2,4228.4,2805.8,56.9,69.4,44.8,584.2,345.6,238.6,12356.6,6093.2,6263.4
Dec-86,7116.8,4291.6,2825.2,57.5,70.3,45,655.8,386.1,269.7,12378.5,6104,6274.5
Jan-87,6902.5,4211.6,2690.9,55.7,68.9,42.8,670.7,402.3,268.4,12401.4,6115.4,6286
Feb-87,7022.3,4248.1,2774.1,56.5,69.3,44.1,699.7,395.7,304,12424.3,6126.7,6297.6
Mar-87,7133.4,4291.7,2841.7,57.3,69.9,45,702.8,385.8,317,12447.4,6138.2,6309.2
Apr-87,7109.6,4281.3,2828.2,57,69.6,44.8,652,357.3,294.7,12468.7,6148.7,6320
May-87,7103.5,4269.7,2833.8,56.9,69.3,44.8,635.1,366.9,268.2,12489.8,6159.2,6330.7
Jun-87,7128.9,4291.2,2837.7,57,69.6,44.7,603.1,353.3,249.8,12511,6169.6,6341.4
Jul-87,7175.6,4320,2855.6,57.3,69.9,45,610.1,354.1,256,12531.2,6179.7,6351.5
Aug-87,7092.3,4277.1,2815.2,56.5,69.1,44.3,602,347.1,254.9,12551.1,6189.5,6361.5
Sep-87,7186.5,4312.7,2873.8,57.2,69.6,45.1,597.6,345.5,252.1,12571.1,6199.5,6371.6
Oct-87,7177.4,4303.4,2874,57,69.3,45,585.4,341.9,243.5,12594.4,6211.1,6383.2
Nov-87,7182.2,4294.2,2888,56.9,69,45.2,567.1,329.6,237.5,12617.3,6222.6,6394.7
Dec-87,7330.7,4391,2939.7,58,70.4,45.9,620.6,352.6,268.1,12640.5,6234.2,6406.3
Jan-88,7169.4,4341.5,2827.9,56.6,69.5,44.1,646.2,372,274.3,12664.4,6246.1,6418.2
Feb-88,7247.3,4362.7,2884.6,57.1,69.7,44.9,644.7,356,288.8,12688,6258,6430
Mar-88,7397.4,4420.2,2977.2,58.2,70.5,46.2,645.2,345.9,299.3,12711.8,6269.9,6441.9
Apr-88,7383.4,4417.3,2966,58,70.3,46,644.8,350.4,294.4,12732.6,6280.2,6452.4
May-88,7354.8,4393.8,2961.1,57.7,69.8,45.8,593,329.1,263.9,12753.3,6290.5,6462.8
Jun-88,7378.3,4418.4,2959.8,57.8,70.1,45.7,569,316.2,252.9,12774.3,6301,6473.4
Jul-88,7383.1,4423.8,2959.3,57.7,70.1,45.6,518.8,300,218.8,12794.6,6311.4,6483.2
Aug-88,7353.3,4382.1,2971.2,57.4,69.3,45.8,538.7,305.7,233,12814.4,6321.6,6492.8
Sep-88,7503.2,4457.5,3045.6,58.5,70.4,46.8,554.5,309.8,244.7,12834.5,6332,6502.6
Oct-88,7477.3,4461.9,3015.4,58.2,70.3,46.3,507.9,285.8,222.1,12856.9,6343,6513.9
Nov-88,7508.6,4469.6,3039,58.3,70.3,46.6,488.4,270.8,217.6,12879.2,6354,6525.2
Dec-88,7622.9,4532.1,3090.8,59.1,71.2,47.3,563.3,311.3,252,12901.7,6365.1,6536.5
Jan-89,7423.8,4447.9,2976,57.5,69.9,45.4,592,333.2,258.8,12921.7,6366.2,6555.4
Feb-89,7566.5,4504.9,3061.6,58.5,70.7,46.6,597.7,325.9,271.9,12941.4,6376.2,6565.1
Mar-89,7634.6,4521.9,3112.7,58.9,70.8,47.3,545.9,293.2,252.6,12961.3,6386.4,6575
Apr-89,7678.4,4554,3124.5,59.2,71.2,47.5,515,272.8,242.2,12980,6395.6,6584.4
May-89,7720.8,4559.9,3160.9,59.4,71.2,47.9,517.3,277.5,239.8,12998.6,6404.8,6593.8
Jun-89,7711,4558.7,3152.3,59.2,71.1,47.7,475.9,259.4,216.5,13017.4,6414.1,6603.4
Jul-89,7740.8,4581,3159.8,59.4,71.3,47.8,482.1,263.7,218.3,13036.1,6423.1,6613
Aug-89,7715.3,4556.3,3159,59.1,70.8,47.7,468.3,259.7,208.6,13054.7,6432.1,6622.7
Sep-89,7841.6,4611.8,3229.8,60,71.6,48.7,499.8,273.4,226.4,13073.6,6441.2,6632.4
Oct-89,7806.5,4612.4,3194.1,59.6,71.5,48.1,456.4,242.6,213.8,13093.4,6451,6642.4
Nov-89,7862.4,4623.5,3238.8,60,71.6,48.7,445.3,239.4,206,13113.2,6460.8,6652.3
Dec-89,7935.5,4660.1,3275.4,60.4,72,49.2,501,276.6,224.4,13133.1,6470.8,6662.3
Jan-90,7707.7,4574,3133.7,58.6,70.6,47,549.3,309.9,239.4,13151.3,6479.7,6671.5
Feb-90,7803,4596.5,3206.5,59.3,70.8,48,592.7,310.6,282.1,13169.3,6488.6,6680.7
Mar-90,7874.1,4612.2,3262,59.7,71,48.8,547.9,297.6,250.3,13187.5,6497.6,6690
Apr-90,7887.9,4620.9,3267.1,59.7,71,48.8,533.2,296.4,236.7,13204.7,6505.8,6698.9
May-90,7908.5,4623.5,3284.9,59.8,71,49,548.6,309.6,239.1,13221.8,6514,6707.9
Jun-90,7900.3,4622.5,3277.8,59.7,70.9,48.8,539.6,296.8,242.8,13239.2,6522.3,6716.9
Jul-90,7919.4,4628.8,3290.7,59.7,70.9,48.9,567,325.2,241.8,13254.7,6529.5,6725.2
Aug-90,7808,4562,3246,58.8,69.8,48.2,584.6,336,248.6,13270.1,6536.7,6733.4
Sep-90,7905.5,4614.1,3291.4,59.5,70.5,48.8,625,361.1,263.9,13285.7,6544,6741.7
Oct-90,7848.9,4589.3,3259.6,59,70,48.3,603.1,351.8,251.3,13303.3,6552.5,6750.8
Nov-90,7826.9,4550.8,3276.1,58.8,69.4,48.5,625.8,377.7,248.1,13320.7,6561,6759.8
Dec-90,7915.5,4608.2,3307.4,59.3,70.1,48.9,700.8,414.5,286.3,13338.4,6569.6,6768.8
Jan-91,7641.3,4494.4,3146.9,57.2,68.3,46.4,763.3,458.8,304.6,13353.5,6576.5,6777
Feb-91,7708.8,4501.8,3206.9,57.7,68.4,47.3,807.5,468.4,339.2,13368.5,6583.5,6785.1
Mar-91,7715.4,4481,3234.4,57.6,68,47.6,818.7,478.4,340.3,13383.6,6590.4,6793.2
Apr-91,7717.2,4470.6,3246.6,57.6,67.8,47.7,849.5,498.4,351.1,13398.9,6597.6,6801.3
May-91,7703.7,4460.4,3243.3,57.4,67.5,47.6,805.4,480.9,324.5,13414.1,6604.7,6809.4
Jun-91,7678.1,4449.4,3228.6,57.2,67.3,47.4,757.7,456.5,301.2,13429.3,6611.8,6817.5
Jul-91,7583,4398.2,3184.8,56.4,66.4,46.7,797.4,484.8,312.6,13445.4,6619.6,6825.8
Aug-91,7620.7,4398.6,3222.1,56.6,66.4,47.1,796.6,495.5,301.1,13460.6,6626.8,6833.9
Sep-91,7713.2,4446.1,3267.1,57.2,67,47.8,854.1,515,339.2,13475.9,6634,6841.9
Oct-91,7638,4426.2,3211.7,56.6,66.7,46.9,789,484.8,304.3,13488.1,6639.6,6848.5
Nov-91,7614.9,4408.3,3206.7,56.4,66.3,46.8,806.2,491.3,314.8,13500.4,6645.2,6855.2
Dec-91,7712.2,4459.1,3253,57.1,67,47.4,906,546.2,359.8,13512.7,6650.9,6861.8
Jan-92,7518.9,4382.9,3136.1,55.6,65.8,45.6,948.6,581.1,367.4,13530.7,6659.9,6870.9
Feb-92,7597.2,4400.4,3196.8,56.1,66,46.5,982.8,583.2,399.6,13548.8,6668.9,6879.9
Mar-92,7646.2,4411.5,3234.7,56.4,66.1,47,935.3,557.8,377.5,13566.8,6677.9,6888.9
Apr-92,7644.1,4416.4,3227.7,56.3,66.1,46.8,894.6,537.2,357.4,13577.4,6682.9,6894.5
May-92,7631.4,4401.4,3230,56.2,65.8,46.8,901.7,555.5,346.2,13587.9,6687.9,6900
Jun-92,7637.3,4402.9,3234.4,56.2,65.8,46.8,894.8,547.5,347.3,13598.5,6692.9,6905.6
Jul-92,7668.3,4421.1,3247.1,56.3,66,47,904.8,562.2,342.6,13610.8,6698.8,6912
Aug-92,7613.4,4381.9,3231.5,55.9,65.4,46.7,886.2,552,334.3,13623.2,6704.7,6918.4
Sep-92,7709.7,4422.9,3286.8,56.5,65.9,47.5,910.3,557.5,352.9,13635.5,6710.6,6924.9
Oct-92,7665.7,4414.8,3250.9,56.2,65.7,46.9,893.7,551.6,342.1,13645.9,6715.3,6930.5
Nov-92,7587.4,4346.7,3240.7,55.6,64.7,46.7,888.2,558.8,329.5,13656.3,6720.1,6936.2
Dec-92,7693.4,4424.5,3268.9,56.3,65.8,47.1,969.2,591,378.2,13666.7,6724.8,6941.9
Jan-93,7533.7,4367.7,3166,55.1,64.9,45.6,998.9,626.1,372.8,13683,6732.9,6950.1
Feb-93,7531,4343.9,3187.1,55,64.4,45.8,1039.3,631.7,407.6,13699.3,6740.9,6958.3
Mar-93,7645.7,4395.8,3250,55.7,65.1,46.7,972.4,585.2,387.1,13715.5,6749,6966.5
Apr-93,7572.6,4360.8,3211.8,55.2,64.6,46.1,920.9,578.4,342.5,13723.9,6753.2,6970.7
May-93,7620.5,4378.9,3241.6,55.5,64.8,46.5,915.4,577.2,338.2,13732.3,6757.4,6974.9
Jun-93,7627.9,4393.8,3234.1,55.5,65,46.3,911.2,566.4,344.8,13740.7,6761.6,6979.1
Jul-93,7646.5,4413.5,3233,55.6,65.2,46.3,885.2,548.8,336.4,13754,6768,6986
Aug-93,7589.4,4360.6,3228.9,55.1,64.4,46.2,909.5,562.3,347.2,13767.2,6774.3,6993
Sep-93,7747.6,4438.9,3308.6,56.2,65.5,47.3,927.4,559.7,367.8,13780.5,6780.6,6999.9
Oct-93,7738.8,4444.9,3293.9,56.1,65.5,47,892.6,537.2,355.4,13791.3,6785.5,7005.9
Nov-93,7744.9,4438.3,3306.6,56.1,65.4,47.2,892.9,533.6,359.3,13802.1,6790.3,7011.8
Dec-93,7842.1,4502.4,3339.7,56.8,66.3,47.6,939.3,566.2,373.1,13812.9,6795.1,7017.8
Jan-94,7646.8,4433.6,3213.2,55.3,65.2,45.7,983.5,596.4,387.1,13829.6,6803.7,7025.9
Feb-94,7738.6,4450.7,3287.9,55.9,65.3,46.7,1005.1,591.1,414,13846.2,6812.2,7034
Mar-94,7824.2,4481.1,3343.1,56.4,65.7,47.5,945,559.8,385.2,13862.9,6820.8,7042.1
Apr-94,7827.4,4496.2,3331.2,56.4,65.9,47.3,876.4,517.9,358.5,13872.9,6825.6,7047.3
May-94,7857.9,4504,3353.9,56.6,65.9,47.6,844.4,506.5,338,13883,6830.5,7052.5
Jun-94,7878.4,4523.4,3355,56.7,66.2,47.5,828.6,491.4,337.2,13893,6835.3,7057.7
Jul-94,7966,4571.3,3394.8,57.3,66.8,48,798.7,466.6,332.1,13908.1,6842.7,7065.4
Aug-94,7861.7,4517,3344.7,56.5,65.9,47.3,796.1,474.6,321.5,13923.1,6850.1,7073.1
Sep-94,8054.4,4588.1,3466.3,57.8,66.9,49,829.3,483.6,345.7,13938.2,6857.5,7080.7
Oct-94,7997.2,4590.2,3406.9,57.3,66.9,48.1,750.9,439.3,311.7,13948.7,6862.4,7086.3
Nov-94,8003.3,4572.2,3431,57.3,66.6,48.4,755,445.9,309.2,13959.2,6867.3,7091.9
Dec-94,8135.5,4658.9,3476.6,58.2,67.8,49,791,458.1,332.9,13969.7,6872.2,7097.5
Jan-95,7928.4,4580,3348.4,56.7,66.6,47.1,836.4,499.7,336.6,13987.7,6881.3,7106.5
Feb-95,8049.9,4632.2,3417.7,57.5,67.2,48,873.7,492,381.7,14005.7,6890.3,7115.4
Mar-95,8118.1,4640.2,3477.9,57.9,67.3,48.8,804.1,450.7,353.3,14023.8,6899.4,7124.4
Apr-95,8174.6,4664.2,3510.4,58.2,67.5,49.2,737.8,434.7,303,14039.3,6907.1,7132.2
May-95,8165.2,4642.5,3522.7,58.1,67.1,49.3,750.8,451.7,299.1,14054.9,6914.8,7140.1
Jun-95,8205.6,4657.4,3548.3,58.3,67.3,49.6,723.5,434.2,289.3,14070.5,6922.5,7148
Jul-95,8229,4675.1,3553.9,58.4,67.5,49.7,708.8,427.5,281.3,14087,6930.4,7156.6
Aug-95,8165.9,4647.2,3518.7,57.9,67,49.1,718.9,427.2,291.7,14103.5,6938.3,7165.2
Sep-95,8300.4,4713.7,3586.7,58.8,67.9,50,756.8,455.4,301.4,14120.1,6946.3,7173.8
Oct-95,8232.6,4673.7,3558.9,58.2,67.2,49.5,725.7,430.8,295,14137.3,6954.1,7183.2
Nov-95,8300.3,4700,3600.3,58.6,67.5,50.1,719.9,419.2,300.7,14154.5,6961.9,7192.7
Dec-95,8395.7,4757.5,3638.2,59.2,68.3,50.5,736,440,296,14171.8,6969.6,7202.1
Jan-96,8166.7,4666.6,3500.1,57.6,66.9,48.5,817.7,497.3,320.4,14189.7,6978.3,7211.4
Feb-96,8246.6,4703.5,3543.1,58,67.3,49.1,839.7,483.7,356,14207.7,6987,7220.7
Mar-96,8280.4,4689.4,3591,58.2,67,49.7,799.2,467,332.2,14225.7,6995.7,7230
Apr-96,8248,4695.6,3552.4,57.9,67.1,49.1,782.2,455.4,326.8,14240.8,7003,7237.8
May-96,8297.1,4715.8,3581.3,58.2,67.3,49.4,758.1,438.9,319.2,14256,7010.4,7245.6
Jun-96,8311.7,4724.4,3587.3,58.2,67.3,49.5,723.8,424.3,299.5,14271.2,7017.8,7253.4
Jul-96,8332.1,4739.2,3592.9,58.3,67.5,49.5,727.3,415.5,311.8,14287.8,7025.2,7262.6
Aug-96,8265.9,4694.2,3571.7,57.8,66.7,49.1,763.6,452.1,311.5,14304.5,7032.7,7271.8
Sep-96,8373,4743,3630,58.5,67.4,49.9,785.4,454.3,331,14321.2,7040.2,7280.9
Oct-96,8319.4,4720.9,3598.4,58,67,49.4,751.9,435.5,316.3,14335.8,7046.4,7289.3
Nov-96,8314.4,4714.6,3599.7,57.9,66.8,49.3,722.9,423.6,299.3,14350.4,7052.7,7297.7
Dec-96,8431.4,4782.6,3648.7,58.7,67.8,49.9,786.9,452,334.9,14365,7058.9,7306.1
Jan-97,8235.2,4714.2,3521.1,57.3,66.7,48.1,833.1,488.3,344.8,14384.1,7068.1,7316.1
Feb-97,8291.4,4704,3587.3,57.6,66.5,49,886.9,502.6,384.2,14403.3,7077.2,7326.1
Mar-97,8347.5,4727.7,3619.8,57.9,66.7,49.3,823.7,477.1,346.7,14422.4,7086.3,7336.1
Apr-97,8343.1,4726.9,3616.1,57.8,66.7,49.3,785.1,453.5,331.6,14433.4,7091.4,7342
May-97,8330.2,4718.3,3611.9,57.7,66.5,49.2,774.9,449.7,325.2,14444.4,7096.5,7347.9
Jun-97,8345.6,4731.9,3613.6,57.7,66.6,49.1,735.2,427.5,307.7,14455.4,7101.7,7353.8
Jul-97,8374.9,4739.7,3635.2,57.9,66.7,49.4,731.4,435.7,295.7,14469.5,7108.4,7361.1
Aug-97,8250.3,4681.4,3568.9,57,65.8,48.4,743.4,432.9,310.5,14483.6,7115.1,7368.5
Sep-97,8474,4771.2,3702.8,58.5,67,50.2,744.7,442.8,301.9,14497.7,7121.8,7375.9
Oct-97,8405.2,4766.4,3638.8,57.9,66.9,49.3,692.1,403.4,288.6,14511.2,7127.8,7383.4
Nov-97,8462.1,4783.9,3678.2,58.3,67.1,49.8,690.8,408.3,282.5,14524.7,7133.7,7391
Dec-97,8540.5,4839.9,3700.6,58.7,67.8,50,720.5,421.3,299.1,14538.1,7139.6,7398.5
Jan-98,8334.7,4771.5,3563.2,57.2,66.7,48.1,770.1,451.2,318.9,14558.6,7149.8,7408.8
Feb-98,8413,4781.5,3631.5,57.7,66.8,48.9,794.7,455.3,339.4,14579.1,7160,7419.1
Mar-98,8460,4791.5,3668.5,57.9,66.8,49.4,757.9,437.6,320.3,14599.6,7170.2,7429.4
Apr-98,8499.9,4810.7,3689.2,58.2,67,49.6,702.9,400.1,302.8,14611,7175.6,7435.5
May-98,8482.5,4795.1,3687.4,58,66.8,49.6,711.2,419.2,292,14622.5,7180.9,7441.5
Jun-98,8516.8,4801.8,3715,58.2,66.8,49.9,702.8,419.9,282.9,14633.9,7186.3,7447.6
Jul-98,8541.9,4811,3730.8,58.3,66.9,50,686.7,412.6,274.1,14649.3,7193.5,7455.7
Aug-98,8455.2,4757,3698.2,57.7,66.1,49.5,690.2,416.7,273.6,14664.6,7200.8,7463.9
Sep-98,8653.2,4867.3,3785.9,58.9,67.5,50.7,716.1,419,297.1,14680,7208,7472
Oct-98,8601,4848.3,3752.7,58.5,67.2,50.2,640.4,373.9,266.5,14695.4,7215.1,7480.3
Nov-98,8554.3,4822.2,3732.1,58.1,66.8,49.8,665.3,389.1,276.2,14710.8,7222.1,7488.6
Dec-98,8696.5,4893,3803.6,59.1,67.7,50.7,659.1,387.3,271.8,14726.1,7229.2,7497
Jan-99,8477.4,4819.8,3657.7,57.5,66.6,48.7,702.5,415.4,287.1,14746.7,7239.2,7507.4
Feb-99,8556.5,4845.4,3711.1,57.9,66.8,49.4,735.8,418.6,317.2,14767.2,7249.3,7517.9
Mar-99,8618.9,4879,3739.9,58.3,67.2,49.7,683.5,381.4,302.2,14787.7,7259.4,7528.3
Apr-99,8631.9,4876.3,3755.6,58.3,67.1,49.8,652.8,375,277.7,14800.6,7265.5,7535.2
May-99,8606.5,4856.2,3750.3,58.1,66.8,49.7,649,375.9,273.2,14813.6,7271.6,7542
Jun-99,8673.2,4897.8,3775.5,58.5,67.3,50,600.6,348.6,252,14826.6,7277.7,7548.9
Jul-99,8706.7,4911.5,3795.2,58.7,67.4,50.2,575.5,337.3,238.2,14843.2,7285.6,7557.6
Aug-99,8603.6,4862.1,3741.5,57.9,66.7,49.5,619.7,363.3,256.4,14859.7,7293.5,7566.2
Sep-99,8777.1,4925.2,3851.9,59,67.5,50.9,668.8,386.3,282.5,14876.3,7301.4,7574.9
Oct-99,8755.3,4919.1,3836.2,58.8,67.3,50.6,600.3,348.1,252.2,14892.9,7308.9,7583.9
Nov-99,8763.7,4911.2,3852.5,58.8,67.1,50.7,565.7,326.7,239,14909.5,7316.5,7593
Dec-99,8900.7,4986.6,3914.1,59.6,68.1,51.5,625.7,366.2,259.5,14926.1,7324.1,7602
Jan-00,8628.2,4883.1,3745.1,57.7,66.6,49.2,674.8,394,280.7,14947.9,7335,7612.9
Feb-00,8754.4,4934.9,3819.5,58.5,67.2,50.1,699.2,380.9,318.3,14969.8,7346,7623.8
Mar-00,8830.7,4950.1,3880.6,58.9,67.3,50.8,652.8,356.6,296.2,14991.7,7357,7634.7
Apr-00,8882.2,4975.2,3907,59.2,67.6,51.1,612.2,341.2,271,15005.6,7363.7,7641.9
May-00,8865,4959.8,3905.2,59,67.3,51.1,607.3,339.8,267.5,15019.4,7370.4,7649.1
Jun-00,8922,4980.8,3941.2,59.3,67.5,51.5,564.3,327.3,237,15033.3,7377.1,7656.3
Jul-00,9020,5030.6,3989.4,59.9,68.1,52,525.6,311.7,213.9,15050.4,7385.3,7665.2
Aug-00,8911.6,4954.7,3956.9,59.1,67,51.6,556.1,330.8,225.3,15067.6,7393.5,7674.1
Sep-00,9061.3,5035.6,4025.8,60.1,68,52.4,578.1,342,236.1,15084.7,7401.8,7683
Oct-00,8973.1,5007.8,3965.3,59.4,67.6,51.6,541.1,320.6,220.5,15101.9,7409.7,7692.2
Nov-00,8912.7,4974,3938.7,58.9,67.1,51.1,557.4,328.8,228.6,15119.1,7417.7,7701.4
Dec-00,9059.6,5054.2,4005.4,59.9,68.1,51.9,592.2,349.4,242.8,15136.3,7425.7,7710.6
Jan-01,8834.9,4954.5,3880.5,58.3,66.6,50.2,625.7,377.5,248.2,15162.9,7438.7,7724.2
Feb-01,8920.9,4974,3946.9,58.7,66.7,51,700.4,399.2,301.1,15189.5,7451.8,7737.7
Mar-01,8956,4970.3,3985.8,58.9,66.6,51.4,650.2,367.9,282.3,15216.1,7464.8,7751.3
Apr-01,9023.6,4999.6,4024.1,59.2,66.9,51.9,663.6,378.3,285.3,15231.5,7472,7759.5
May-01,9004.6,4993.8,4010.8,59.1,66.8,51.6,664.2,375.4,288.8,15247,7479.3,7767.7
Jun-01,9021.9,4996.6,4025.3,59.1,66.7,51.8,651.5,374.4,277.1,15262.4,7486.6,7775.9
Jul-01,9048.9,5028.4,4020.5,59.2,67.1,51.6,611.9,359.5,252.3,15279.8,7495.6,7784.2
Aug-01,8971.9,4980,3991.9,58.7,66.4,51.2,638.1,367.1,271,15297.2,7504.7,7792.5
Sep-01,9105.9,5048.5,4057.5,59.5,67.2,52,671.2,390.8,280.4,15314.6,7513.8,7800.9
Oct-01,9058.7,5035.3,4023.3,59.1,66.9,51.5,657.9,378,279.9,15333.9,7523.4,7810.5
Nov-01,9055.6,5017.3,4038.3,59,66.6,51.6,626.3,367.4,258.9,15353.2,7533.1,7820.1
Dec-01,9177.1,5102.7,4074.4,59.7,67.7,52,660,373.1,286.9,15372.5,7542.7,7829.7
Jan-02,8993.4,5017.3,3976.1,58.4,66.4,50.7,734.8,422.5,312.3,15394.3,7554.1,7840.1
Feb-02,9092.3,5059.2,4033.1,59,66.9,51.4,719.9,412,307.9,15416,7565.6,7850.5
Mar-02,9128.5,5070.1,4058.5,59.1,66.9,51.6,660,381.3,278.7,15437.8,7577,7860.9
Apr-02,9129.5,5080.8,4048.8,59.1,67,51.5,625.7,369.1,256.6,15451.7,7584,7867.6
May-02,9134.7,5084.5,4050.2,59.1,67,51.4,620.9,362.3,258.6,15465.5,7591.1,7874.4
Jun-02,9180.8,5109.2,4071.6,59.3,67.2,51.7,619.7,348.2,271.5,15479.3,7598.1,7881.2
Jul-02,9194.5,5116.4,4078.2,59.3,67.3,51.7,553,314.9,238,15496.1,7606.3,7889.9
Aug-02,9150.3,5072.8,4077.5,59,66.6,51.6,595.2,338.7,256.5,15512.9,7614.4,7898.5
Sep-02,9303.5,5139,4164.5,59.9,67.4,52.7,631.4,354.3,277.2,15529.7,7622.6,7907.2
Oct-02,9249.1,5123.2,4125.9,59.5,67.1,52.1,566.2,317,249.1,15548.2,7631.4,7916.8
Nov-02,9286.7,5129.3,4157.4,59.7,67.1,52.4,565.9,316.4,249.5,15566.7,7640.2,7926.5
Dec-02,9439.7,5217.3,4222.4,60.6,68.2,53.2,607.4,341.2,266.2,15585.2,7649,7936.2
Jan-03,9281.7,5140.4,4141.3,59.5,67.1,52.1,663,379.1,283.9,15609,7661.3,7947.7
Feb-03,9372.6,5173,4199.6,60,67.4,52.8,673.2,369.8,303.4,15632.8,7673.5,7959.3
Mar-03,9362.1,5177.8,4184.2,59.8,67.4,52.5,642.9,340.7,302.2,15656.6,7685.7,7970.9
Apr-03,9365.6,5161.3,4204.3,59.8,67.1,52.7,608.9,344.2,264.7,15670.8,7692.7,7978.1
May-03,9380.1,5160,4220.1,59.8,67,52.8,605.9,334.6,271.3,15685.1,7699.7,7985.4
Jun-03,9370.4,5155.4,4215,59.7,66.9,52.7,587.6,330.9,256.6,15699.4,7706.7,7992.7
Jul-03,9363.9,5172.9,4191,59.6,67,52.4,557.6,308.9,248.7,15716.1,7715.5,8000.6
Aug-03,9327,5156.6,4170.3,59.3,66.8,52.1,552.4,300.7,251.6,15732.9,7724.3,8008.5
Sep-03,9486.1,5233.2,4252.8,60.2,67.7,53.1,583.8,315.6,268.3,15749.6,7733.1,8016.5
Oct-03,9447.8,5236.6,4211.2,59.9,67.6,52.5,544.3,299.7,244.6,15767.5,7742,8025.4
Nov-03,9427.7,5218.1,4209.7,59.7,67.3,52.4,523.4,278,245.4,15785.3,7750.9,8034.4
Dec-03,9573.6,5323.8,4249.7,60.6,68.6,52.8,563.4,296.3,267.2,15803.2,7759.8,8043.4
Jan-04,9363.8,5236.8,4127,59.2,67.4,51.2,603.8,326.1,277.7,15824.8,7771,8053.9
Feb-04,9434.5,5257.9,4176.5,59.5,67.6,51.8,640.8,335.1,305.7,15846.5,7782.1,8064.3
Mar-04,9506.4,5273.4,4233,59.9,67.7,52.4,575.9,302.7,273.1,15868.1,7793.3,8074.8
Apr-04,9512,5278.1,4234,59.9,67.7,52.4,561.8,307.4,254.4,15881.1,7799.8,8081.4
May-04,9533.5,5283.1,4250.4,60,67.7,52.6,538.1,292.4,245.7,15894.2,7806.2,8088
Jun-04,9543.3,5290.3,4253,60,67.7,52.5,537.3,294,243.3,15907.2,7812.6,8094.6
Jul-04,9553.1,5301.7,4251.5,60,67.8,52.5,512.3,275,237.3,15925.4,7822,8103.4
Aug-04,9462.1,5230.5,4231.6,59.3,66.8,52.2,529.4,287.2,242.1,15943.6,7831.4,8112.2
Sep-04,9668.6,5335.4,4333.2,60.6,68,53.4,551.3,307.8,243.5,15961.8,7840.8,8121
Oct-04,9662.2,5337.6,4324.7,60.5,68,53.2,490.1,269.7,220.5,15980.8,7850,8130.8
Nov-04,9652.9,5323.6,4329.3,60.3,67.7,53.2,485.9,269.1,216.8,15999.8,7859.2,8140.6
Dec-04,9807.8,5411.8,4396,61.2,68.8,53.9,514.1,277.5,236.5,16018.8,7868.4,8150.4
Jan-05,9634.4,5342.2,4292.2,60,67.8,52.6,568.9,308.3,260.6,16044.3,7881.4,8162.9
Feb-05,9744.6,5385.5,4359.2,60.6,68.2,53.3,592,305.2,286.8,16069.8,7894.4,8175.4
Mar-05,9828.3,5417.9,4410.4,61.1,68.5,53.9,565.3,285.9,279.4,16095.3,7907.4,8187.9
Apr-05,9856.3,5445.6,4410.6,61.2,68.8,53.8,539.5,284,255.5,16110.7,7915.2,8195.6
May-05,9850.8,5424,4426.8,61.1,68.5,54,530.7,281.8,248.9,16126.1,7922.9,8203.2
Jun-05,9896.6,5449.9,4446.7,61.3,68.7,54.2,502.5,265.3,237.2,16141.5,7930.7,8210.8
Jul-05,9912.3,5466,4446.3,61.3,68.8,54.1,473.6,246.9,226.7,16162.2,7941.4,8220.8
Aug-05,9870.3,5434.7,4435.6,61,68.3,53.9,486.6,265.4,221.2,16182.9,7952.1,8230.9
Sep-05,10004.6,5492.7,4511.9,61.7,69,54.7,527.7,287.6,240.1,16203.6,7962.8,8240.9
Oct-05,9949.7,5470,4479.7,61.3,68.6,54.3,494,270,224.1,16224.7,7973.3,8251.4
Nov-05,9945,5455.1,4489.9,61.2,68.3,54.3,476.4,263.8,212.6,16245.8,7983.8,8262
Dec-05,10074.7,5535.9,4538.7,61.9,69.2,54.9,525.8,286.3,239.5,16266.8,7994.3,8272.5
Jan-06,9842.7,5426.5,4416.2,60.4,67.8,53.3,591.5,325.8,265.7,16294.1,8008.7,8285.5
Feb-06,9961.1,5492.6,4468.6,61,68.5,53.8,606.7,324.5,282.2,16321.4,8023,8298.4
Mar-06,10048.7,5529.3,4519.4,61.5,68.8,54.4,542.8,288.2,254.6,16348.7,8037.3,8311.3
Apr-06,10041,5528.5,4512.6,61.4,68.7,54.2,533,279.9,253.1,16364.6,8045.3,8319.3
May-06,10082.1,5518.8,4563.3,61.5,68.5,54.8,509.9,275.4,234.5,16380.5,8053.2,8327.4
Jun-06,10120.8,5546.6,4574.2,61.7,68.8,54.9,498.2,265.6,232.6,16396.4,8061.1,8335.4
Jul-06,10170.8,5588.4,4582.4,61.9,69.2,54.9,454.6,246.7,207.9,16422.8,8074.6,8348.2
Aug-06,10105.8,5543.1,4562.6,61.4,68.5,54.6,477.5,255.5,221.9,16449.2,8088.2,8361
Sep-06,10299.5,5629.6,4670,62.5,69.5,55.8,504.5,277.3,227.1,16475.7,8101.8,8373.9
Oct-06,10212.4,5609.2,4603.2,61.9,69.1,54.9,449.6,242.1,207.5,16501.5,8114.6,8386.8
Nov-06,10201.6,5589.3,4612.3,61.7,68.8,54.9,446.7,239.3,207.4,16527.3,8127.4,8399.8
Dec-06,10404.3,5712.5,4691.9,62.9,70.2,55.8,487,246.1,240.8,16553.1,8140.3,8412.8
Jan-07,10156.1,5595.7,4560.5,61.2,68.6,54.1,534.5,280.7,253.8,16586.8,8157.8,8428.9
Feb-07,10277,5655.4,4621.6,61.8,69.2,54.7,567.2,279.9,287.2,16620.5,8175.4,8445.1
Mar-07,10349.2,5693.7,4655.5,62.1,69.5,55,512,251.5,260.5,16654.1,8192.9,8461.2
Apr-07,10362.9,5708.7,4654.1,62.1,69.6,54.9,483.4,240.2,243.1,16678.7,8206,8472.8
May-07,10412,5718.8,4693.2,62.3,69.6,55.3,465.3,234.2,231.1,16703.3,8219,8484.3
Jun-07,10436.3,5742.6,4693.7,62.4,69.8,55.2,459,230,229,16727.9,8232,8495.9
Jul-07,10456.8,5761,4695.8,62.4,69.9,55.2,426.1,210.1,216,16754.7,8245.6,8509.1
Aug-07,10406.4,5719.5,4686.9,62,69.3,55,446.8,223.9,222.8,16781.4,8259.1,8522.3
Sep-07,10588.8,5797,4791.7,63,70.1,56.1,465.6,232.3,233.2,16808.2,8272.7,8535.5
Oct-07,10520.5,5763.2,4757.3,62.5,69.5,55.6,449.4,229,220.4,16835.7,8286.6,8549
Nov-07,10535.1,5769.4,4765.7,62.5,69.5,55.7,451.3,234.2,217.2,16863.2,8300.6,8562.6
Dec-07,10710.1,5864.2,4845.9,63.4,70.5,56.5,470.8,250.2,220.5,16890.7,8314.6,8576.1
Jan-08,10524.9,5806.1,4718.7,62.2,69.7,54.9,503.3,252.6,250.8,16929.3,8334.7,8594.6
Feb-08,10622.9,5839.6,4783.3,62.6,69.9,55.5,500.4,242.9,257.5,16967.9,8354.9,8613
Mar-08,10677.4,5852,4825.4,62.8,69.9,55.9,479.7,247.5,232.2,17006.5,8375,8631.5
Apr-08,10706.2,5859.1,4847.1,62.8,69.8,56.1,484.1,248.6,235.5,17035.8,8390.6,8645.2
May-08,10690.3,5851.7,4838.6,62.6,69.6,55.9,478.3,247.2,231.1,17065,8406.1,8658.9
Jun-08,10745,5890.2,4854.8,62.9,69.9,56,462.7,236.4,226.2,17094.3,8421.6,8672.7
Jul-08,10762,5901.9,4860,62.8,69.9,55.9,439.8,214,225.8,17127.6,8439.2,8688.4
Aug-08,10710.4,5862.2,4848.2,62.4,69.3,55.7,429.4,216.2,213.2,17161,8456.7,8704.2
Sep-08,10854.6,5937.9,4916.6,63.1,70.1,56.4,484.9,251,233.9,17194.3,8474.3,8720
Oct-08,10807.4,5922.3,4885.1,62.7,69.8,55.9,458.7,235,223.7,17225.8,8490.4,8735.4
Nov-08,10757.3,5880.5,4876.8,62.3,69.1,55.7,465.9,237.4,228.5,17257.3,8506.5,8750.8
Dec-08,10915.6,5961.7,4954,63.1,70,56.5,506.5,277.1,229.5,17288.8,8522.6,8766.2
Jan-09,10681,5839.5,4841.5,61.6,68.4,55.1,600,339.1,260.9,17325.4,8541.3,8784.1
Feb-09,10776.7,5866.8,4909.9,62.1,68.5,55.8,683.9,361.3,322.7,17362,8560,8802.1
Mar-09,10775.2,5859.4,4915.9,61.9,68.3,55.7,693,373.1,319.9,17398.7,8578.6,8820
Apr-09,10792.7,5871,4921.7,61.9,68.3,55.7,637,354,283,17424,8591.4,8832.6
May-09,10786.8,5847.7,4939.1,61.8,68,55.8,667.5,387.4,280.1,17449.4,8604.1,8845.2
Jun-09,10770.9,5842.7,4928.3,61.6,67.8,55.6,654.7,376,278.7,17474.7,8616.9,8857.8
Jul-09,10808.8,5880.2,4928.6,61.8,68.1,55.6,601.7,346.2,255.5,17503.1,8630.9,8872.2
Aug-09,10707.3,5833.8,4873.4,61.1,67.5,54.8,623.5,347.3,276.2,17531.4,8644.8,8886.6
Sep-09,10882.1,5919.9,4962.2,62,68.4,55.7,647.2,358.7,288.4,17559.8,8658.8,8901
Oct-09,10845.2,5904.4,4940.8,61.7,68.1,55.4,613.7,343.6,270.1,17582,8669.2,8912.9
Nov-09,10829.2,5884.8,4944.5,61.5,67.8,55.4,593.4,332.8,260.7,17604.3,8679.6,8924.7
Dec-09,11010.9,6000.1,5010.9,62.5,69,56.1,619.1,340.1,279,17626.5,8690,8936.6
Jan-10,10809.9,5924.5,4885.4,61.2,68.1,54.6,654.1,357.7,296.4,17655.7,8704.3,8951.4
Feb-10,10889.2,5958,4931.2,61.6,68.3,55,690.5,372.5,318,17684.8,8718.6,8966.2
Mar-10,10928.9,5960.6,4968.3,61.7,68.3,55.3,666.6,365.8,300.7,17714,8732.9,8981.1
Apr-10,10940.1,5983.7,4956.4,61.7,68.4,55.1,642.7,343.4,299.3,17733.6,8742.6,8991
May-10,10957.4,5977.2,4980.2,61.7,68.3,55.3,604.6,329.9,274.7,17753.2,8752.3,9000.9
Jun-10,11009.3,6006.1,5003.1,61.9,68.5,55.5,580.3,312.5,267.8,17772.8,8762,9010.8
Jul-10,11030.5,6027.2,5003.3,62,68.7,55.5,572,301.9,270.1,17793.8,8772,9021.9
Aug-10,10973.8,5997,4976.8,61.6,68.3,55.1,559.3,286,273.3,17814.9,8782,9032.9
Sep-10,11159.4,6086.7,5072.7,62.6,69.2,56.1,592.1,313.7,278.4,17836,8792,9044
Oct-10,11129,6077.1,5051.9,62.3,69,55.8,589.8,309.8,280,17857,8801.9,9055.1
Nov-10,11144.5,6084.2,5060.4,62.3,69,55.8,558.2,283,275.3,17878,8811.8,9066.1
Dec-10,11295,6174.7,5120.3,63.1,70,56.4,561.5,286.6,275,17899,8821.7,9077.2
Jan-11,11063.7,6077.5,4986.1,61.7,68.8,54.8,631.1,328.2,302.9,17926.3,8834.8,9091.5
Feb-11,11146.2,6101.5,5044.6,62.1,69,55.4,662.7,342.5,320.2,17953.6,8847.8,9105.8
Mar-11,11217,6120.3,5096.7,62.4,69.1,55.9,619.2,307.3,311.9,17980.9,8860.9,9120
Apr-11,11186.5,6096.6,5090,62.1,68.7,55.7,588.2,310.3,277.9,18002.6,8872,9130.6
May-11,11196.2,6101.1,5095.1,62.1,68.7,55.7,589.8,302.3,287.5,18024.2,8883.1,9141.1
Jun-11,11221.3,6098.1,5123.1,62.2,68.6,56,564.2,292.6,271.6,18045.9,8894.2,9151.7
Jul-11,11225.7,6110.3,5115.4,62.1,68.6,55.8,562.5,295.4,267.1,18067.6,8903.3,9164.3
Aug-11,11127.2,6045.9,5081.3,61.5,67.8,55.4,596.8,322.1,274.7,18090.2,8913.1,9177.1
Sep-11,11315.9,6131.1,5184.8,62.5,68.7,56.4,620.1,332,288.2,18112.8,8922.9,9189.9
Oct-11,11270.9,6114.8,5156.2,62.1,68.4,56,588.6,324.4,264.2,18140.2,8937,9203.3
Nov-11,11239.4,6106.1,5133.4,61.9,68.2,55.7,578.2,308,270.1,18167.6,8951,9216.7
Dec-11,11355.8,6191.2,5164.6,62.4,69.1,56,602,306.6,295.5,18195.1,8965,9230.1
Jan-12,11160.5,6105.3,5055.1,61.2,68,54.7,642.3,342.1,300.2,18227.4,8981.1,9246.3
Feb-12,11237.7,6123.5,5114.2,61.5,68.1,55.2,699.6,365,334.6,18259.8,8997.2,9262.6
Mar-12,11334.5,6144,5190.6,62,68.2,55.9,659.9,342.8,317.1,18292.1,9013.3,9278.8
Apr-12,11331.6,6163.6,5168.1,61.9,68.3,55.6,599.3,313.6,285.7,18317.9,9026.5,9291.4
May-12,11393.2,6180.1,5213.1,62.1,68.4,56,620.9,318.1,302.9,18343.8,9039.8,9304
Jun-12,11356,6169.2,5186.8,61.8,68.1,55.7,599.3,306.8,292.5,18369.6,9053,9316.6
Jul-12,11368.8,6170.4,5198.4,61.8,68.1,55.7,583.4,314.3,269.1,18396.6,9066.5,9330.1
Aug-12,11264.1,6108.2,5155.9,61.1,67.3,55.2,590.8,327.8,263,18423.7,9080.1,9343.6
Sep-12,11457.6,6182.4,5275.2,62.1,68,56.4,661.1,371.5,289.6,18450.7,9093.6,9357.1
Oct-12,11406,6190.9,5215.1,61.7,68,55.7,623.6,336,287.7,18476.1,9105.7,9370.4
Nov-12,11378.3,6162.8,5215.5,61.5,67.6,55.6,589.2,323.3,265.8,18501.4,9117.8,9383.6
Dec-12,11521.3,6262.3,5259,62.2,68.6,56,637.8,344.7,293.1,18526.8,9129.9,9396.9
Jan-13,11305.9,6152.2,5153.8,60.9,67.3,54.8,696.9,383.9,313,18557.6,9144.5,9413
Feb-13,11425.3,6198.7,5226.6,61.5,67.7,55.4,741,395.1,345.9,18588.3,9159.1,9429.3
Mar-13,11437.3,6189.8,5247.5,61.4,67.5,55.6,726.1,391,335,18619.1,9173.7,9445.5
Apr-13,11481.1,6211.4,5269.7,61.6,67.6,55.7,682.9,362,320.9,18643.4,9185.6,9457.8
May-13,11491.7,6230.1,5261.5,61.6,67.7,55.6,676.9,363.5,313.4,18667.7,9197.6,9470.1
Jun-13,11492.5,6224.2,5268.3,61.5,67.6,55.6,673.4,367.6,305.8,18691.9,9209.5,9482.4
Jul-13,11480,6220.3,5259.7,61.3,67.5,55.4,647.2,356.5,290.7,18717.3,9220.8,9496.5
Aug-13,11361.4,6144.9,5216.5,60.6,66.6,54.9,681,373.5,307.5,18742.6,9232.1,9510.5
Sep-13,11539.3,6225.3,5314,61.5,67.3,55.8,693.4,377.1,316.3,18767.9,9243.4,9524.5
Oct-13,11482.6,6198.2,5284.3,61.1,67,55.4,680.4,381,299.4,18787,9250.5,9536.4
Nov-13,11445.9,6178.3,5267.6,60.9,66.7,55.2,657.6,365.8,291.7,18806,9257.6,9548.4
Dec-13,11537.6,6234.3,5303.3,61.3,67.3,55.5,694.6,386,308.6,18825,9264.7,9560.3
Jan-14,11323.8,6140.8,5182.9,60.1,66.2,54.1,772.1,416.1,356,18856.9,9280.8,9576.1
Feb-14,11464.6,6222.1,5242.5,60.7,66.9,54.7,837.2,427.6,409.5,18888.7,9296.8,9591.9
Mar-14,11535.7,6236,5299.7,61,67,55.2,766.8,389.6,377.2,18920.6,9312.9,9607.7
Apr-14,11555.1,6249,5306,61,67,55.2,714.2,378.8,335.4,18939.1,9321.3,9617.7
May-14,11553.3,6232.9,5320.4,60.9,66.8,55.3,717.9,373.9,344.1,18957.5,9329.8,9627.7
Jun-14,11553.2,6227.4,5325.9,60.9,66.7,55.3,721.8,389.7,332.2,18976,9338.3,9637.7
Jul-14,11542.2,6224.4,5317.8,60.8,66.6,55.1,741.7,405.5,336.2,18999.4,9349,9650.4
Aug-14,11572.8,6225.3,5347.4,60.8,66.5,55.3,733.8,396.8,337,19022.8,9359.6,9663.2
Sep-14,11533.8,6215,5318.8,60.6,66.3,55,746.4,400.1,346.3,19046.3,9370.3,9676
Oct-14,11550.1,6229.7,5320.5,60.6,66.4,54.9,752,403.2,348.8,19067.3,9379.8,9687.6
Nov-14,11581.7,6259.8,5322,60.7,66.7,54.9,723.8,398.2,325.5,19088.4,9389.3,9699.2
Dec-14,11715.7,6320.7,5395,61.3,67.3,55.6,732,390.4,341.5,19109.5,9398.8,9710.7
Jan-15,11467.4,6208.5,5258.8,59.9,66,54.1,837.6,460,377.6,19139,9412.7,9726.3
Feb-15,11724.1,6334.1,5390,61.2,67.2,55.3,837.5,444.6,392.9,19168.6,9426.6,9742
Mar-15,11698.2,6324.8,5373.4,60.9,67,55.1,808.8,427,381.8,19198.1,9440.6,9757.6
Apr-15,11711.5,6320,5391.5,60.9,66.9,55.2,764.7,406.3,358.4,19217.4,9449.3,9768.1
May-15,11781.4,6343.3,5438.1,61.2,67.1,55.6,730.2,388.3,341.8,19236.8,9458.1,9778.7
Jun-15,11752.9,6316.7,5436.2,61,66.7,55.5,729.7,391.8,337.9,19256.1,9466.8,9789.3
Jul-15,11759.9,6323.7,5436.2,61,66.7,55.5,771,404,367,19279.6,9477.4,9802.2
Aug-15,11702.6,6276.5,5426.2,60.6,66.2,55.3,760.3,415.6,344.7,19303.1,9488,9815.1
Sep-15,11771,6310.4,5460.6,60.9,66.4,55.6,753.6,414.6,339,19326.5,9498.5,9828
Oct-15,11865.8,6358,5507.8,61.3,66.9,56,713.7,388.2,325.5,19348.2,9507.9,9840.3
Nov-15,11935.3,6373.7,5561.6,61.6,67,56.4,689.1,365.5,323.6,19369.9,9517.3,9852.6
Dec-15,12025,6435.3,5589.8,62,67.5,56.7,703,373.5,329.4,19391.5,9526.7,9864.9
Jan-16,11759.6,6328.5,5431.2,60.5,66.3,55,816.1,443.7,372.4,19424.2,9542.3,9881.9
Feb-16,11975.9,6418.3,5557.6,61.6,67.2,56.1,787.8,406.3,381.5,19456.8,9558,9898.9
Mar-16,11945.5,6399.3,5546.2,61.3,66.8,55.9,762.3,400.1,362.2,19489.5,9573.6,9915.9
Apr-16,11968.5,6401,5567.6,61.3,66.8,56.1,719.4,371.7,347.6,19511.6,9583.7,9927.9
May-16,11999.9,6420.8,5579.1,61.4,66.9,56.1,715.1,373.2,341.9,19533.7,9593.8,9939.9
Jun-16,11991.3,6406.1,5585.2,61.3,66.7,56.1,703.5,356.7,346.9,19555.8,9603.9,9951.9
Jul-16,11995.3,6412.3,5582.9,61.2,66.7,56,708.8,373.5,335.3,19585.6,9617.8,9967.8
Aug-16,11904.7,6365.5,5539.2,60.7,66.1,55.5,708.1,380.3,327.8,19615.4,9631.7,9983.6
Sep-16,11944.4,6370.9,5573.5,60.8,66,55.7,696,376.1,319.9,19645.1,9645.7,9999.5
Oct-16,11988.7,6406.6,5582.1,60.9,66.3,55.8,676.4,363.3,313.1,19670.1,9657.5,10012.6
Nov-16,12054,6426.1,5627.9,61.2,66.5,56.1,684,364.8,319.2,19695.1,9669.4,10025.7
Dec-16,12149.2,6485.2,5664,61.6,67,56.4,723.2,392.1,331.1,19720.1,9681.3,10038.8
Jan-17,11885.9,6356,5529.9,60.2,65.5,55,777.6,407.7,369.9,19757,9699.7,10057.3
Feb-17,12103.3,6480.5,5622.9,61.1,66.7,55.8,820.3,423.4,396.8,19793.9,9718.1,10075.8
Mar-17,12121.8,6477.9,5643.9,61.1,66.5,55.9,803.4,409.4,394,19830.7,9736.4,10094.3
Apr-17,12189.6,6535.8,5653.8,61.4,67,55.9,730.7,364.3,366.5,19853.9,9747.8,10106.1
May-17,12256.6,6538.7,5717.9,61.7,67,56.5,704.5,367.3,337.2,19877.1,9759.2,10117.9
Jun-17,12255,6523.4,5731.6,61.6,66.8,56.6,706.1,370.9,335.2,19900.3,9770.6,10129.7
Jul-17,12260.9,6539.7,5721.2,61.5,66.8,56.4,712.3,384.2,328.2,19928.9,9784.1,10144.8
Aug-17,12245.3,6513.6,5731.8,61.4,66.5,56.4,714.6,381.7,332.8,19957,9797.3,10159.7
Sep-17,12333.6,6552.9,5780.7,61.7,66.8,56.8,692.5,374.4,318.1,19985.1,9810.4,10174.7
Oct-17,12350.7,6564,5786.7,61.7,66.8,56.8,666.8,350,316.8,20005.6,9820.1,10185.5
Nov-17,12453.6,6609.1,5844.5,62.2,67.2,57.3,661.4,353.1,308.2,20026.1,9829.7,10196.4
Dec-17,12567.8,6654.4,5913.4,62.7,67.6,57.9,716.9,394.7,322.2,20046.6,9839.3,10207.3
Jan-18,12305.1,6557.7,5747.3,61.3,66.5,56.2,780.1,410.5,369.5,20083.2,9857.7,10225.5
Feb-18,12528.2,6661.2,5866.9,62.3,67.4,57.3,805.7,415.3,390.4,20119.8,9876.1,10243.7
Mar-18,12494.8,6631.7,5863.1,62,67,57.1,777.8,403,374.9,20156.4,9894.5,10261.9
Apr-18,12525.9,6652.3,5873.6,62.1,67.1,57.2,740.6,387.4,353.2,20180.4,9906.7,10273.7
May-18,12572.7,6665.4,5907.3,62.2,67.2,57.4,702.2,365.9,336.3,20204.4,9918.8,10285.6
Jun-18,12608.4,6671,5937.3,62.3,67.2,57.7,687.9,375,312.9,20228.4,9931,10297.5
Jul-18,12575.4,6680.8,5894.5,62.1,67.2,57.2,689.9,374.7,315.2,20259.5,9946.2,10313.3
Aug-18,12547.5,6669.1,5878.4,61.8,66.9,56.9,698.4,368.5,329.9,20290.5,9961.4,10329.1
Sep-18,12615.5,6703.6,5911.8,62.1,67.2,57.1,648.4,339.2,309.1,20321.6,9976.6,10345
Oct-18,12654.6,6714.8,5939.8,62.2,67.2,57.3,634.2,337.5,296.7,20345.2,9987.7,10357.4
Nov-18,12741.6,6749.6,5992,62.6,67.5,57.8,634.8,344.3,290.5,20368.8,9998.9,10369.8
Dec-18,12839.2,6807.7,6031.4,63,68,58.1,648.8,348.1,300.7,20392.4,10010.1,10382.3
Jan-19,12603.1,6714.9,5888.2,61.7,67,56.6,726.9,378.2,348.7,20428.1,10028.1,10400
Feb-19,12802.2,6791.6,6010.5,62.6,67.6,57.7,727.8,377.8,350,20463.9,10046.2,10417.7
Mar-19,12785.2,6789.2,5996.1,62.4,67.5,57.5,731.8,380.9,350.8,20499.6,10064.2,10435.5
Apr-19,12831.7,6791,6040.7,62.5,67.4,57.8,714,370.8,343.1,20520.2,10074.1,10446.1
May-19,12921.1,6859.3,6061.8,62.9,68,58,694.3,368.8,325.5,20540.8,10084,10456.8
Jun-19,12889.7,6833.6,6056.1,62.7,67.7,57.9,692,363,328.9,20561.4,10093.9,10467.5
Jul-19,12887.3,6829.1,6058.2,62.6,67.6,57.8,702.6,375,327.6,20592.3,10108.4,10483.9
Aug-19,12858.3,6795.5,6062.8,62.3,67.1,57.7,714.4,385.2,329.2,20623.3,10123,10500.3
Sep-19,12925.9,6814.1,6111.8,62.6,67.2,58.1,691.8,386.9,304.9,20654.2,10137.5,10516.7
Oct-19,12899.6,6794,6105.6,62.4,66.9,58,685.8,375.3,310.5,20679.4,10149,10530.5
Nov-19,12994.9,6841.3,6153.6,62.8,67.3,58.4,653.7,355.7,298,20704.6,10160.5,10544.2
Dec-19,13096.7,6886.8,6209.9,63.2,67.7,58.8,667,371.8,295.2,20729.8,10171.9,10557.9
Jan-20,12831.3,6763.1,6068.2,61.8,66.4,57.4,775,414.9,360.2,20763.3,10187.6,10575.7
Feb-20,13052.9,6876,6176.9,62.8,67.4,58.3,761,405.9,355.1,20796.8,10203.3,10593.5
Mar-20,13004.6,6856.8,6147.8,62.4,67.1,57.9,765.5,401.6,363.9,20830.3,10219,10611.3
Apr-20,12412,6580.5,5831.5,59.6,64.4,54.9,850.4,463.9,386.4,20838.4,10222.9,10615.5
May-20,12190.8,6477.1,5713.7,58.5,63.3,53.8,904.6,482.4,422.1,20846.4,10226.7,10619.7
Jun-20,12391.6,6553.9,5837.7,59.4,64.1,54.9,966.4,513.4,452.9,20854.5,10230.6,10623.9
Jul-20,12472.5,6592.5,5880.1,59.8,64.4,55.4,994.4,531.1,463.3,20852.4,10229.3,10623.1
Aug-20,12563.7,6612.5,5951.3,60.3,64.7,56,921.5,503.7,417.8,20850.3,10227.9,10622.3
Sep-20,12568,6611.9,5956.1,60.3,64.7,56.1,908.9,506.2,402.8,20848.1,10226.6,10621.5
Oct-20,12737.4,6724.7,6012.7,61.1,65.7,56.6,906.9,480.9,426,20852.1,10228.2,10623.9
Nov-20,12884.5,6798.3,6086.2,61.8,66.5,57.3,874.5,449.3,425.2,20856.1,10229.8,10626.3
Dec-20,12998.7,6830.6,6168.2,62.3,66.8,58,872.6,476.3,396.3,20860.1,10231.4,10628.7
Jan-21,12734.5,6736.2,5998.3,61,65.8,56.4,936.8,503.6,433.2,20862.1,10231.8,10630.3
Feb-21,13031.2,6848.9,6182.2,62.5,66.9,58.1,872.8,470.8,402,20864.2,10232.3,10631.9
Mar-21,13052.4,6840.8,6211.5,62.6,66.9,58.4,830.6,447.7,382.9,20866.2,10232.7,10633.5
Apr-21,13022.9,6848.4,6174.4,62.4,66.9,58,761,410.6,350.4,20876,10236.8,10639.1
May-21,13187.4,6895.9,6291.5,63.1,67.3,59.1,692,380.1,311.9,20885.7,10241,10644.7
