Time,AUD_to_USD,AUD_to_EUR,AUD_to_GBP,AUD_to_JPY,AUD_to_CNY,AUD_to_KRW,AUD_to_CAD,AUD_to_INR
02-Jan-18,0.7837,0.6522,0.5799,88.33,5.0948,831.98,0.9824,49.92
03-Jan-18,0.7816,0.6485,0.5747,87.8,5.0842,832.76,0.9783,49.65
04-Jan-18,0.7835,0.6519,0.5795,88.27,5.0983,834.07,0.982,49.76
05-Jan-18,0.7857,0.6508,0.5791,88.69,5.0916,834.37,0.9809,49.77
08-Jan-18,0.7842,0.6521,0.5784,88.78,5.0893,836.45,0.9726,49.64
09-Jan-18,0.7854,0.6563,0.5787,88.45,5.1062,837.16,0.9749,49.85
10-Jan-18,0.7828,0.6558,0.5784,87.9,5.1053,837.56,0.9755,49.84
11-Jan-18,0.7873,0.659,0.5836,87.98,5.1313,843.51,0.988,50.19
12-Jan-18,0.7885,0.6541,0.5819,87.71,5.112,838.77,0.9878,50.08
15-Jan-18,0.7946,0.6508,0.5782,87.95,5.1036,843.63,0.9891,50.37
16-Jan-18,0.7968,0.6495,0.5778,88.35,5.1227,846.88,0.9899,50.72
17-Jan-18,0.7955,0.6493,0.5773,88.18,5.1175,848.8,0.9904,50.89
18-Jan-18,0.7964,0.6531,0.5761,88.69,5.1267,852.75,0.9915,50.86
19-Jan-18,0.8019,0.6539,0.5762,88.9,5.1286,854.14,0.9956,51.04
22-Jan-18,0.799,0.6536,0.5763,88.53,5.1206,854.09,0.9976,51.09
23-Jan-18,0.7989,0.6516,0.5712,88.49,5.1138,855.26,0.995,50.98
24-Jan-18,0.8016,0.6505,0.5713,88.09,5.1238,857.19,0.9947,51.02
25-Jan-18,0.8094,0.6509,0.5663,88.24,5.1246,857.84,0.9964,51.42
29-Jan-18,0.8096,0.6522,0.5726,88.04,5.1215,862.22,0.9985,51.43
30-Jan-18,0.807,0.6524,0.5747,87.77,5.1115,866.15,0.997,51.39
31-Jan-18,0.8073,0.65,0.5696,87.87,5.1058,863.93,0.9946,51.46
01-Feb-18,0.8044,0.6476,0.5668,87.91,5.0617,863.04,0.9899,51.2
02-Feb-18,0.7997,0.6401,0.5608,87.71,5.0244,864,0.9822,51.28
05-Feb-18,0.7929,0.6364,0.5617,87.22,4.9937,864.3,0.9844,50.85
06-Feb-18,0.7844,0.6348,0.5626,85.23,4.9374,858.96,0.9851,50.47
07-Feb-18,0.7883,0.6363,0.5644,86.15,4.9316,855.07,0.9862,50.57
08-Feb-18,0.7812,0.6372,0.5629,85.6,4.9455,850.28,0.9814,50.22
09-Feb-18,0.7779,0.6348,0.5584,84.74,4.9211,848.81,0.9797,50.07
12-Feb-18,0.7834,0.6376,0.565,85.13,4.9404,848.97,0.984,50.34
13-Feb-18,0.787,0.6396,0.5683,85.29,4.9786,851.83,0.9897,50.59
14-Feb-18,0.7877,0.6364,0.5669,84.36,4.9898,849.1,0.9903,50.52
15-Feb-18,0.7933,0.6369,0.5662,84.57,5.0307,854.54,0.9909,50.7
16-Feb-18,0.7965,0.6347,0.5633,84.18,5.051,857.99,0.9927,50.85
19-Feb-18,0.792,0.6379,0.5644,84.26,5.0225,846.21,0.9932,50.86
20-Feb-18,0.7926,0.6398,0.567,84.64,5.0263,847.65,0.9966,51.06
21-Feb-18,0.7852,0.6372,0.5616,84.64,4.9793,845.19,0.9944,50.96
22-Feb-18,0.7806,0.636,0.5613,83.87,4.9558,846.17,0.991,50.73
23-Feb-18,0.7821,0.6358,0.5607,83.66,4.9598,843.89,0.9951,50.76
26-Feb-18,0.7863,0.6386,0.5616,83.84,4.9672,844.26,0.9932,50.84
27-Feb-18,0.7847,0.6367,0.5622,83.92,4.9492,842.18,0.9955,50.95
28-Feb-18,0.7792,0.6374,0.5605,83.52,4.9312,844.07,0.9952,50.72
01-Mar-18,0.7731,0.634,0.5623,82.58,4.9019,837.34,0.9928,50.37
02-Mar-18,0.7756,0.6315,0.5627,82.28,4.9279,838.93,0.9952,50.54
05-Mar-18,0.7752,0.6291,0.562,81.78,4.909,838.62,0.9999,50.41
06-Mar-18,0.7773,0.6295,0.5617,82.62,4.9284,836.28,1.0089,50.52
07-Mar-18,0.7804,0.6286,0.5617,82.48,4.9377,834.33,1.0089,50.7
08-Mar-18,0.783,0.6311,0.5631,83.04,4.9531,836.56,1.009,50.88
09-Mar-18,0.7792,0.6328,0.5646,83.09,4.9431,832.15,1.0049,50.72
12-Mar-18,0.7869,0.6385,0.5677,83.73,4.9815,837.1,1.0077,51.14
13-Mar-18,0.787,0.6384,0.5666,84.04,4.9786,838.49,1.0111,51.12
14-Mar-18,0.7871,0.6343,0.5627,83.84,4.9717,838.24,1.019,51.15
15-Mar-18,0.7876,0.6361,0.5632,83.46,4.9716,838.76,1.0199,51.13
16-Mar-18,0.779,0.6328,0.5592,82.49,4.9297,832.4,1.0175,50.56
19-Mar-18,0.7691,0.627,0.5527,81.3,4.8692,824.28,1.009,50.01
20-Mar-18,0.7703,0.6243,0.5492,81.9,4.8738,824.38,1.0078,50.25
21-Mar-18,0.7697,0.6278,0.5492,81.96,4.874,824.77,1.0019,50.2
22-Mar-18,0.7744,0.6265,0.547,81.91,4.8941,830.31,0.9986,50.42
23-Mar-18,0.7711,0.6252,0.5463,80.82,4.883,833.83,0.9958,50.24
26-Mar-18,0.7723,0.6241,0.5454,81,4.8755,835.62,0.9939,50.13
27-Mar-18,0.7738,0.6215,0.5437,81.74,4.8448,828.28,0.993,50.12
28-Mar-18,0.7694,0.62,0.5422,81.23,4.8316,820.49,0.9909,50.02
29-Mar-18,0.7665,0.6217,0.5444,81.61,4.8246,817.31,0.9901,49.96
03-Apr-18,0.7685,0.6244,0.5466,81.46,4.8321,812.07,0.9905,49.99
04-Apr-18,0.77,0.6271,0.5469,82.04,4.8478,815.89,0.9844,50.04
05-Apr-18,0.769,0.6264,0.5467,82.21,4.8472,814.76,0.9824,50.03
06-Apr-18,0.7677,0.6274,0.5486,82.37,4.839,820.02,0.9805,49.91
09-Apr-18,0.7691,0.6262,0.5456,82.28,4.8435,820.9,0.9824,49.93
10-Apr-18,0.7733,0.6283,0.5471,82.86,4.8719,824.9,0.9817,50.2
11-Apr-18,0.7749,0.6267,0.5462,82.97,4.8665,826.83,0.9766,50.43
12-Apr-18,0.7751,0.6273,0.5466,82.88,4.8651,828.97,0.9759,50.64
13-Apr-18,0.778,0.6311,0.5467,83.61,4.8925,832.72,0.9791,50.75
16-Apr-18,0.7769,0.6301,0.5453,83.29,4.882,834.51,0.9802,50.83
17-Apr-18,0.7771,0.6273,0.5419,83.16,4.8809,829.9,0.9771,51.01
18-Apr-18,0.7771,0.628,0.5432,83.41,4.8862,829.94,0.9767,51.03
19-Apr-18,0.7804,0.6306,0.5494,83.83,4.8914,828.12,0.9853,51.34
20-Apr-18,0.7714,0.625,0.5483,83.03,4.8471,822.43,0.9771,50.91
23-Apr-18,0.7673,0.6253,0.5473,82.71,4.8296,820.17,0.9788,50.8
24-Apr-18,0.7608,0.6228,0.5456,82.78,4.8025,819.42,0.9768,50.46
26-Apr-18,0.7574,0.6219,0.5431,82.8,4.7899,817.76,0.9722,50.63
27-Apr-18,0.7545,0.6232,0.5417,82.43,4.7832,810.94,0.9716,50.35
30-Apr-18,0.757,0.6237,0.5489,82.63,4.7936,807.91,0.972,50.46
01-May-18,0.754,0.6248,0.5483,82.48,4.7746,805.39,0.9669,50.26
02-May-18,0.7503,0.6254,0.5518,82.38,4.7731,808.15,0.963,50.07
03-May-18,0.7524,0.6279,0.5532,82.48,4.7886,809.33,0.9669,50.11
04-May-18,0.7538,0.629,0.5552,82.24,4.7857,811.51,0.9685,50.31
07-May-18,0.752,0.6291,0.555,82.1,4.7827,810.02,0.9671,50.46
08-May-18,0.7514,0.6303,0.554,81.93,4.7818,808.92,0.9694,50.47
09-May-18,0.7435,0.6274,0.5496,81.42,4.7384,803.24,0.9631,50.09
10-May-18,0.7458,0.6288,0.5499,81.91,4.749,799.8,0.9574,50.25
11-May-18,0.7534,0.6326,0.5574,82.5,4.7811,805.21,0.9619,50.64
14-May-18,0.7549,0.6308,0.5565,82.56,4.7846,805.67,0.9651,50.79
15-May-18,0.7508,0.6299,0.5542,82.5,4.7679,806.58,0.9622,50.68
16-May-18,0.7484,0.632,0.5538,82.51,4.7654,805.88,0.962,50.74
17-May-18,0.754,0.6373,0.556,83.14,4.7955,814.77,0.9622,51.02
18-May-18,0.7519,0.6366,0.5562,83.33,4.7881,810.92,0.9639,51.1
21-May-18,0.7519,0.6399,0.5596,83.69,4.7979,815.25,0.9678,51.19
22-May-18,0.7588,0.6439,0.5651,84.16,4.8374,823.64,0.9691,51.58
23-May-18,0.7541,0.6411,0.5626,83.34,4.8083,813.98,0.9695,51.43
24-May-18,0.7562,0.6459,0.5656,82.78,4.8333,816.13,0.9719,51.71
25-May-18,0.7565,0.6462,0.566,82.89,4.8336,815.28,0.9766,51.62
28-May-18,0.7578,0.6461,0.5682,83.02,4.8425,812.55,0.9834,51.08
29-May-18,0.7535,0.6478,0.5659,82.2,4.8314,810.8,0.9785,51.06
30-May-18,0.7501,0.6491,0.5656,81.53,4.8233,810.97,0.9772,50.75
31-May-18,0.7564,0.6475,0.568,82.29,4.8441,814.45,0.9733,51.05
01-Jun-18,0.7541,0.6459,0.5681,82.26,4.8391,811.37,0.9776,50.64
04-Jun-18,0.7615,0.6514,0.5696,83.48,4.8888,815.91,0.9854,51.09
05-Jun-18,0.7633,0.6529,0.5733,83.86,4.8936,817.16,0.9874,51.28
06-Jun-18,0.7664,0.6538,0.5716,84.22,4.8976,820.7,0.9911,51.39
07-Jun-18,0.7659,0.6488,0.57,84.2,4.895,817.64,0.9912,51.4
08-Jun-18,0.7609,0.6445,0.5668,83.44,4.8717,817.82,0.9882,51.34
12-Jun-18,0.7615,0.647,0.5698,83.99,4.876,818.99,0.9896,51.36
13-Jun-18,0.7574,0.6445,0.5666,83.74,4.8502,815.87,0.9862,51.19
14-Jun-18,0.7555,0.6401,0.5641,83.13,4.8312,818.17,0.9806,51.13
15-Jun-18,0.7465,0.6457,0.5639,82.78,4.7898,816.63,0.9807,50.75
18-Jun-18,0.745,0.6426,0.5614,82.32,4.7968,823.3,0.9818,50.7
19-Jun-18,0.738,0.6351,0.5567,80.88,4.7616,817.7,0.9764,50.28
20-Jun-18,0.7402,0.6395,0.5623,81.58,4.7904,818.26,0.9833,50.38
21-Jun-18,0.736,0.6367,0.5597,81.47,4.7805,816.92,0.9804,50.17
22-Jun-18,0.7398,0.6359,0.5573,81.36,4.8095,820.07,0.9836,50.19
25-Jun-18,0.7419,0.6373,0.5598,81.19,4.8508,828.78,0.9865,50.56
26-Jun-18,0.7416,0.6333,0.5583,81.28,4.8575,825.98,0.9855,50.55
27-Jun-18,0.738,0.6333,0.5583,81.08,4.8642,824.34,0.9831,50.58
28-Jun-18,0.7353,0.6363,0.5619,81.07,4.8614,824.75,0.9806,50.67
29-Jun-18,0.7391,0.6344,0.5634,81.82,4.8888,822.91,0.9771,50.68
02-Jul-18,0.7382,0.6341,0.5603,81.71,4.9053,825.6,0.9725,50.65
03-Jul-18,0.736,0.6324,0.56,81.67,4.9312,824.5,0.9705,50.61
04-Jul-18,0.7401,0.6342,0.5606,81.71,4.9054,825.88,0.9723,50.74
05-Jul-18,0.7378,0.6309,0.5576,81.65,4.8997,824.45,0.9696,50.69
06-Jul-18,0.7408,0.6331,0.56,82.04,4.9258,826.07,0.9729,51.01
09-Jul-18,0.7467,0.6344,0.5611,82.47,4.9452,830.07,0.9765,51.27
10-Jul-18,0.7457,0.6352,0.5636,82.89,4.9312,832.09,0.9792,51.3
11-Jul-18,0.7408,0.6315,0.5586,82.28,4.9368,830.44,0.9733,51
12-Jul-18,0.7384,0.6322,0.5594,82.92,4.9417,831.66,0.9748,50.71
13-Jul-18,0.7416,0.6358,0.5628,83.48,4.9437,833.11,0.976,50.74
16-Jul-18,0.7436,0.6353,0.5613,83.59,4.973,838.63,0.9772,50.97
17-Jul-18,0.7427,0.634,0.5609,83.49,4.9643,835.24,0.9749,50.82
18-Jul-18,0.7361,0.6327,0.5621,83.19,4.9395,832.16,0.9734,50.45
19-Jul-18,0.7411,0.6366,0.5671,83.59,4.9949,838.63,0.9766,51.01
20-Jul-18,0.7375,0.6322,0.5661,82.84,4.9972,835.44,0.9776,50.82
23-Jul-18,0.7423,0.6331,0.5651,82.39,5.0231,838.95,0.975,51.02
24-Jul-18,0.7376,0.6312,0.5633,82.09,5.0279,837.07,0.9719,50.87
25-Jul-18,0.7402,0.6333,0.5628,82.31,5.0273,832.87,0.9737,50.93
26-Jul-18,0.7436,0.6337,0.5633,82.31,5.0396,833.54,0.9698,51.09
27-Jul-18,0.7389,0.6343,0.5637,82.08,5.0273,824.24,0.9649,50.7
30-Jul-18,0.7397,0.6342,0.564,82.14,5.0521,826.8,0.9665,50.85
31-Jul-18,0.7431,0.6345,0.5661,82.68,5.0701,830.3,0.9699,50.99
01-Aug-18,0.7407,0.6342,0.5654,82.95,5.0565,830.73,0.9645,50.82
02-Aug-18,0.7385,0.6339,0.5637,82.39,5.0348,830.11,0.9609,50.47
03-Aug-18,0.737,0.6358,0.5659,82.31,5.0621,830.56,0.9593,50.66
07-Aug-18,0.7402,0.6405,0.5717,82.41,5.074,832.95,0.9615,50.96
08-Aug-18,0.7427,0.6392,0.5734,82.64,5.0694,830.79,0.9697,50.97
09-Aug-18,0.7441,0.6408,0.5777,82.56,5.0751,831.01,0.9681,51.05
10-Aug-18,0.7331,0.6396,0.5722,81.37,5.0242,827.49,0.9592,50.53
13-Aug-18,0.7279,0.6392,0.5705,80.25,5.0037,825.62,0.9572,50.57
14-Aug-18,0.7271,0.6372,0.5693,80.61,5.0062,821.73,0.9537,50.82
15-Aug-18,0.7213,0.6367,0.5676,80.27,4.9805,813.7,0.9436,50.42
16-Aug-18,0.7275,0.6385,0.5716,80.65,5.0082,820.8,0.9543,51.04
17-Aug-18,0.727,0.6388,0.5714,80.62,5.01,817.44,0.9564,51
20-Aug-18,0.7306,0.6395,0.5733,80.8,5.0055,819.77,0.9543,50.95
21-Aug-18,0.736,0.6384,0.5734,81.01,5.0353,822.81,0.9587,51.21
22-Aug-18,0.7356,0.6356,0.5698,81.22,5.0347,822.88,0.959,51.36
23-Aug-18,0.7294,0.6312,0.5666,80.87,5.0115,817.88,0.9513,51.13
24-Aug-18,0.728,0.6292,0.5676,81.08,5.0113,814.38,0.9527,51.05
27-Aug-18,0.7323,0.6303,0.5698,81.31,4.9901,815.38,0.9532,51.25
28-Aug-18,0.7328,0.6279,0.5693,81.52,4.994,812.97,0.9508,51.37
29-Aug-18,0.7309,0.6261,0.5687,81.25,4.9829,811.76,0.9445,51.53
30-Aug-18,0.728,0.6228,0.5591,81.29,4.9784,807.5,0.9414,51.51
31-Aug-18,0.726,0.6215,0.5576,80.58,4.9571,808.15,0.9446,51.52
03-Sep-18,0.72,0.62,0.5569,79.86,4.919,798.88,0.9398,50.94
04-Sep-18,0.7228,0.623,0.5621,80.38,4.932,805.74,0.9467,51.41
05-Sep-18,0.7186,0.6198,0.5587,80.12,4.9149,804.8,0.9473,51.53
06-Sep-18,0.7171,0.617,0.5558,79.84,4.904,806.27,0.9459,51.56
07-Sep-18,0.7151,0.6151,0.5533,79.09,4.892,803.31,0.9392,51.43
10-Sep-18,0.7115,0.616,0.5508,78.96,4.8816,803.35,0.9378,51.55
11-Sep-18,0.7126,0.6136,0.546,79.41,4.8924,801.45,0.9362,51.54
12-Sep-18,0.7103,0.6132,0.5462,79.21,4.881,801.22,0.9281,51.64
13-Sep-18,0.7181,0.6179,0.5511,80.02,4.9182,806.54,0.9347,51.83
14-Sep-18,0.72,0.6158,0.5492,80.55,4.9355,805.33,0.9355,51.68
17-Sep-18,0.7162,0.6154,0.5472,80.19,4.9204,807.95,0.9333,51.98
18-Sep-18,0.7207,0.616,0.5475,80.69,4.9443,810.25,0.9395,52.18
19-Sep-18,0.7248,0.6202,0.551,81.38,4.9666,812.46,0.9392,52.58
20-Sep-18,0.726,0.6214,0.5521,81.42,4.9722,814.03,0.9381,52.55
21-Sep-18,0.7296,0.6191,0.55,82.27,4.9889,814.12,0.9415,52.43
24-Sep-18,0.7262,0.6189,0.5555,81.77,4.9796,810,0.9398,52.77
25-Sep-18,0.7244,0.6166,0.5526,81.75,4.9726,808,0.9387,52.74
26-Sep-18,0.7264,0.6176,0.5516,82.02,4.9935,810.23,0.9411,52.82
27-Sep-18,0.7233,0.618,0.5508,81.47,4.9723,804.26,0.9438,52.55
28-Sep-18,0.7222,0.62,0.5519,81.96,4.9708,800.31,0.9405,52.39
02-Oct-18,0.72,0.6235,0.5531,81.94,4.9455,805.54,0.9229,52.5
03-Oct-18,0.7182,0.6198,0.5523,81.69,4.9332,803.88,0.9206,52.48
04-Oct-18,0.7085,0.6174,0.5477,81,4.8665,800.63,0.9126,52.23
05-Oct-18,0.7065,0.6144,0.5432,80.46,4.8528,799.1,0.9135,51.99
08-Oct-18,0.7059,0.6131,0.5384,80.37,4.8697,799.41,0.9158,52.14
09-Oct-18,0.709,0.6166,0.541,80.17,4.9,803.08,0.9184,52.51
10-Oct-18,0.7118,0.6186,0.5409,80.48,4.9259,806.85,0.9211,52.85
11-Oct-18,0.7072,0.6117,0.5349,79.33,4.9025,808.72,0.9227,52.62
12-Oct-18,0.7123,0.6137,0.5381,80.02,4.9156,805.04,0.9278,52.44
15-Oct-18,0.7108,0.6154,0.5421,79.64,4.9172,805.86,0.9258,52.49
16-Oct-18,0.7122,0.6154,0.5418,79.79,4.9316,803.09,0.9256,52.61
17-Oct-18,0.7136,0.6174,0.5417,80.12,4.9403,803.84,0.9246,52.45
18-Oct-18,0.7131,0.6201,0.5444,80.24,4.9461,808.12,0.9299,52.46
19-Oct-18,0.7109,0.6204,0.546,79.88,4.9314,805.17,0.9288,52.26
22-Oct-18,0.7107,0.6174,0.5439,80.02,4.9268,801.6,0.9307,52.08
23-Oct-18,0.7063,0.6165,0.5451,79.49,4.903,803.21,0.9251,52.13
24-Oct-18,0.7104,0.6194,0.5471,80.01,4.9277,802.18,0.9289,52.05
25-Oct-18,0.7077,0.6202,0.5491,79.33,4.9138,805.75,0.9215,51.87
26-Oct-18,0.7034,0.6187,0.5487,78.94,4.8965,803.95,0.9221,51.62
29-Oct-18,0.7099,0.6232,0.5531,79.49,4.9361,808.13,0.9303,52.09
30-Oct-18,0.7093,0.6232,0.5538,79.95,4.943,808.32,0.9302,52.2
31-Oct-18,0.7085,0.6247,0.5575,80.23,4.936,807.71,0.9302,52.46
01-Nov-18,0.713,0.6285,0.555,80.47,4.9665,810.77,0.937,52.67
02-Nov-18,0.7243,0.6348,0.5572,81.82,5.0098,813.86,0.9472,52.78
05-Nov-18,0.7189,0.6314,0.5536,81.41,4.9704,807.59,0.9423,52.39
06-Nov-18,0.7213,0.6327,0.553,81.76,4.9935,810.19,0.946,52.68
07-Nov-18,0.7264,0.634,0.5533,82.23,5.0337,812.61,0.9524,53.03
08-Nov-18,0.7274,0.6367,0.5543,82.73,5.0426,813.78,0.9545,53.1
09-Nov-18,0.7244,0.6384,0.5549,82.52,5.0326,816.4,0.9544,52.71
12-Nov-18,0.7226,0.6382,0.5589,82.38,5.0303,819.14,0.9529,52.65
13-Nov-18,0.7212,0.6413,0.5599,82.21,5.0153,815.98,0.9534,52.31
14-Nov-18,0.7217,0.6394,0.5558,82.22,5.0164,818.83,0.9559,52.07
15-Nov-18,0.7279,0.642,0.5594,82.59,5.0507,821.38,0.9627,52.48
16-Nov-18,0.7269,0.6413,0.5683,82.46,5.0462,820.45,0.9569,52.27
19-Nov-18,0.7308,0.6412,0.5698,82.4,5.0744,824.82,0.962,52.63
20-Nov-18,0.7274,0.6355,0.5658,81.84,5.0499,821.02,0.9583,51.88
21-Nov-18,0.7235,0.6359,0.5656,81.68,5.0249,818.29,0.9627,51.7
22-Nov-18,0.725,0.6364,0.5673,81.94,5.0247,819.14,0.9593,51.58
23-Nov-18,0.725,0.6352,0.5629,81.86,5.0311,819.94,0.9567,51.26
26-Nov-18,0.725,0.639,0.5657,82.08,5.0335,818.2,0.9579,51.07
27-Nov-18,0.7228,0.6375,0.5641,82.04,5.0194,816.4,0.9581,51.23
28-Nov-18,0.7233,0.6403,0.5678,82.33,5.0297,815.81,0.9624,51.12
29-Nov-18,0.7314,0.6424,0.5695,82.86,5.0759,819.57,0.9705,51.21
30-Nov-18,0.7316,0.6421,0.5725,82.98,5.0797,819.57,0.9723,50.99
03-Dec-18,0.7367,0.649,0.5769,83.62,5.0955,820.2,0.9734,51.57
04-Dec-18,0.7375,0.6481,0.5785,83.41,5.0447,816.89,0.9718,51.92
05-Dec-18,0.7288,0.6433,0.5742,82.35,5.0048,812.61,0.9683,51.49
06-Dec-18,0.7226,0.6368,0.5677,81.39,4.97,808.72,0.9676,51.33
07-Dec-18,0.7233,0.6359,0.5662,81.62,4.9699,808.4,0.9687,51.01
10-Dec-18,0.7221,0.6318,0.5666,81.2,4.977,813.06,0.9605,51.54
11-Dec-18,0.7205,0.6337,0.5727,81.47,4.9731,813.78,0.9656,52.03
12-Dec-18,0.7215,0.637,0.5768,81.87,4.9677,813.93,0.9652,51.97
13-Dec-18,0.7226,0.6358,0.5729,82.02,4.9668,811.39,0.9653,51.78
14-Dec-18,0.7189,0.6327,0.5691,81.56,4.9539,813.05,0.9612,51.56
17-Dec-18,0.7173,0.6343,0.5702,81.41,4.948,811.52,0.9599,51.46
18-Dec-18,0.7189,0.6335,0.5694,80.92,4.9565,812.54,0.9635,51.26
19-Dec-18,0.7193,0.632,0.5683,80.77,4.9562,808.85,0.9678,50.43
20-Dec-18,0.7095,0.6231,0.5618,79.65,4.9017,801.81,0.958,50.05
21-Dec-18,0.711,0.6213,0.5621,79.19,4.8986,798.2,0.9606,49.67
24-Dec-18,0.7065,0.6202,0.5574,78.49,4.875,795.02,0.9587,49.57
27-Dec-18,0.706,0.6201,0.5576,78.37,4.8643,790.97,0.9595,49.59
28-Dec-18,0.7051,0.6158,0.5567,78.01,4.834,787.97,0.9601,49.36
31-Dec-18,0.7058,0.6178,0.5563,77.93,4.8548,787.57,0.9622,49.33
02-Jan-19,0.702,0.6134,0.5512,76.78,4.8131,786.13,0.9582,48.89
03-Jan-19,0.6945,0.6109,0.5535,74.42,4.7756,783.62,0.947,48.9
04-Jan-19,0.7024,0.6164,0.5558,76.1,4.821,789.76,0.9472,49.13
07-Jan-19,0.7133,0.6246,0.5596,77.25,4.8831,798.52,0.9528,49.47
08-Jan-19,0.713,0.6233,0.5588,77.71,4.8898,801.95,0.9469,49.95
09-Jan-19,0.7154,0.6243,0.5614,77.89,4.892,802.32,0.9464,50.4
10-Jan-19,0.7185,0.6216,0.562,77.58,4.88,803.25,0.9506,50.62
11-Jan-19,0.722,0.6262,0.5656,78.21,4.8736,805.85,0.9533,50.81
14-Jan-19,0.7184,0.626,0.5593,77.67,4.855,807.14,0.9539,50.88
15-Jan-19,0.7212,0.6282,0.5591,78.29,4.87,807.89,0.957,51.15
16-Jan-19,0.7196,0.6306,0.5597,78.06,4.8711,806.42,0.9548,51.12
17-Jan-19,0.7152,0.6283,0.5557,77.97,4.8392,802.24,0.9499,51.05
18-Jan-19,0.7193,0.6313,0.554,78.68,4.875,806.41,0.955,51.14
21-Jan-19,0.7169,0.6301,0.5571,78.57,4.8668,808.29,0.9508,51.21
22-Jan-19,0.7137,0.6284,0.5541,78.13,4.8556,806.58,0.9503,50.91
23-Jan-19,0.7137,0.6279,0.551,78.29,4.8421,804.16,0.9511,50.83
24-Jan-19,0.711,0.6245,0.5439,77.9,4.8251,802.66,0.9493,50.67
25-Jan-19,0.7095,0.6267,0.5409,77.87,4.8071,797.12,0.9452,50.43
29-Jan-19,0.7167,0.627,0.5449,78.32,4.8334,800.22,0.9499,50.97
30-Jan-19,0.7195,0.6289,0.5497,78.68,4.8307,803.31,0.9538,51.28
31-Jan-19,0.7268,0.6318,0.5537,79.09,4.8698,807.55,0.9544,51.57
01-Feb-19,0.7241,0.6328,0.553,78.83,4.8749,810.17,0.952,51.51
04-Feb-19,0.7227,0.6316,0.5528,79.33,4.8749,808.74,0.947,51.8
05-Feb-19,0.726,0.635,0.5568,79.78,4.8972,812.43,0.9514,52.12
06-Feb-19,0.7153,0.6273,0.552,78.51,4.825,800.46,0.9405,51.17
07-Feb-19,0.7099,0.6248,0.5489,78.03,4.7886,797.96,0.9402,50.84
08-Feb-19,0.7076,0.6239,0.5465,77.64,4.773,795.2,0.9425,50.45
11-Feb-19,0.7093,0.6266,0.5487,78.02,4.8077,798.14,0.9429,50.51
12-Feb-19,0.7072,0.6271,0.5498,78.22,4.8,795.1,0.94,50.21
13-Feb-19,0.7134,0.6293,0.5529,78.91,4.8195,798.92,0.9423,50.27
14-Feb-19,0.7119,0.6311,0.5534,79.04,4.8144,801.1,0.9427,50.45
15-Feb-19,0.7093,0.6284,0.5542,78.24,4.8065,800.2,0.9436,50.56
18-Feb-19,0.715,0.6321,0.5537,79.04,4.8308,804.23,0.9462,51.1
19-Feb-19,0.7113,0.6296,0.5514,78.71,4.8188,802.04,0.943,50.75
20-Feb-19,0.7163,0.6314,0.5484,79.37,4.8155,803.58,0.9454,51.03
21-Feb-19,0.7162,0.631,0.549,79.35,4.7952,804.08,0.9431,50.84
22-Feb-19,0.7093,0.6257,0.5444,78.58,4.7736,798.49,0.939,50.5
25-Feb-19,0.7144,0.63,0.5467,79.06,4.7776,800.9,0.9389,50.75
26-Feb-19,0.7159,0.6303,0.5452,79.33,4.795,800.91,0.9448,50.94
27-Feb-19,0.7183,0.6314,0.5423,79.44,4.8072,802.97,0.9463,50.99
28-Feb-19,0.7146,0.6281,0.5372,79.23,4.7745,799.28,0.94,50.86
01-Mar-19,0.7093,0.6236,0.5348,79.21,4.751,797.54,0.9336,50.22
04-Mar-19,0.7095,0.6243,0.536,79.44,4.7468,798.51,0.9424,50.31
05-Mar-19,0.7076,0.6245,0.5377,79.18,4.7429,796.55,0.9429,50.09
06-Mar-19,0.7035,0.6226,0.5355,78.63,4.7241,794.15,0.9406,49.62
07-Mar-19,0.7049,0.6236,0.5349,78.73,4.7299,795.87,0.9476,49.35
08-Mar-19,0.7009,0.6259,0.5352,77.97,4.711,794.93,0.9434,49.2
11-Mar-19,0.7044,0.627,0.5427,78.28,4.7353,799.71,0.946,49.23
12-Mar-19,0.7069,0.6282,0.5353,78.71,4.7459,797.77,0.9474,49.22
13-Mar-19,0.7055,0.6252,0.5391,78.52,4.734,799.01,0.9429,49.17
14-Mar-19,0.7059,0.6237,0.5331,78.78,4.7374,801.2,0.9398,49.12
15-Mar-19,0.7081,0.6256,0.5347,79.09,4.7581,806.07,0.9427,49.06
18-Mar-19,0.7115,0.6276,0.5354,79.35,4.7764,805.24,0.9476,48.98
19-Mar-19,0.7105,0.6262,0.5352,79.06,4.7716,803.22,0.9472,48.64
20-Mar-19,0.7075,0.6236,0.5338,78.95,4.7499,799.62,0.9432,48.87
21-Mar-19,0.7145,0.6253,0.5406,78.95,4.7741,805.46,0.9501,49.18
22-Mar-19,0.7106,0.6245,0.541,78.72,4.7646,803.4,0.9497,48.75
25-Mar-19,0.7079,0.6266,0.5367,77.85,4.7528,803.75,0.9505,48.88
26-Mar-19,0.7122,0.6296,0.5402,78.38,4.7782,806.4,0.9538,49.03
27-Mar-19,0.7101,0.6308,0.5386,78.54,4.7686,805.7,0.9513,48.92
28-Mar-19,0.7097,0.6306,0.5379,78.19,4.7759,807.51,0.9514,48.99
29-Mar-19,0.7087,0.631,0.5422,78.49,4.7659,805.24,0.9525,48.95
01-Apr-19,0.7121,0.6339,0.546,79.06,4.7755,806.35,0.9507,49.24
02-Apr-19,0.708,0.632,0.5419,78.84,4.7582,804.79,0.9433,49.01
03-Apr-19,0.7106,0.6332,0.5407,79.13,4.7693,806.45,0.9462,48.73
04-Apr-19,0.7111,0.6325,0.5399,79.22,4.7748,808.34,0.9495,48.86
05-Apr-19,0.7125,0.6346,0.5441,79.59,4.7859,809.54,0.9518,49.32
08-Apr-19,0.7094,0.6318,0.5432,79.05,4.7671,811.46,0.949,49.32
09-Apr-19,0.7136,0.6335,0.545,79.45,4.7916,815.43,0.9498,49.62
10-Apr-19,0.7144,0.6342,0.5466,79.42,4.7971,814.21,0.9523,49.43
11-Apr-19,0.7163,0.6349,0.5469,79.57,4.8092,815.7,0.9555,49.4
12-Apr-19,0.7132,0.6319,0.546,79.73,4.7932,812.88,0.9532,49.41
15-Apr-19,0.7168,0.6339,0.5476,80.22,4.8078,811.92,0.9556,49.64
16-Apr-19,0.7147,0.6322,0.5459,80,4.7956,812.15,0.9566,49.69
17-Apr-19,0.72,0.6365,0.551,80.64,4.8198,817.21,0.9598,50.12
18-Apr-19,0.7183,0.6356,0.5505,80.36,4.8079,816.53,0.9591,49.86
23-Apr-19,0.7121,0.633,0.5486,79.71,4.782,813.29,0.9515,49.68
24-Apr-19,0.7039,0.6276,0.5441,78.72,4.7315,808.7,0.9464,49.16
26-Apr-19,0.7025,0.6306,0.5443,78.46,4.7298,815.32,0.9472,49.26
29-Apr-19,0.7056,0.6324,0.5455,78.76,4.7485,817.39,0.9492,49.28
30-Apr-19,0.7039,0.6297,0.5441,78.5,4.7442,821.2,0.9482,49.13
01-May-19,0.7054,0.6288,0.5407,78.64,4.7508,823.98,0.9438,49.07
02-May-19,0.702,0.6265,0.5381,78.32,4.7279,818.08,0.9434,48.84
03-May-19,0.6998,0.6264,0.5368,78.02,4.7131,818.12,0.9424,48.45
06-May-19,0.6989,0.6245,0.5325,77.42,4.7394,818.4,0.9419,48.48
07-May-19,0.7034,0.6271,0.536,77.82,4.7674,822.03,0.9445,48.78
08-May-19,0.7023,0.6268,0.5373,77.29,4.7543,820.81,0.9455,48.87
09-May-19,0.6976,0.623,0.5357,76.69,4.7467,822.47,0.9407,48.74
10-May-19,0.6995,0.623,0.538,76.76,4.7598,822.89,0.9422,48.93
13-May-19,0.6976,0.6212,0.5362,76.55,4.7821,826.52,0.9373,48.99
14-May-19,0.6955,0.6189,0.5368,76.26,4.7807,826.29,0.9365,48.98
15-May-19,0.6932,0.6183,0.5368,76.04,4.7665,824.87,0.9332,48.7
16-May-19,0.6914,0.6168,0.5381,75.69,4.7559,824.01,0.9289,48.58
17-May-19,0.6881,0.6159,0.5381,75.44,4.7528,822.25,0.9274,48.29
20-May-19,0.692,0.6205,0.5433,76.22,4.7829,825.89,0.9296,48.12
21-May-19,0.6878,0.6167,0.5406,75.77,4.7502,821.2,0.9235,47.94
22-May-19,0.6875,0.6165,0.5411,75.93,4.7528,821.47,0.922,47.96
23-May-19,0.6876,0.6167,0.5438,75.84,4.7537,817.76,0.9246,47.82
24-May-19,0.6888,0.6159,0.5439,75.5,4.7612,819.4,0.9281,47.99
27-May-19,0.6937,0.6188,0.5445,75.95,4.7802,820.65,0.9321,48.17
28-May-19,0.6929,0.6194,0.5466,75.9,4.7852,823.73,0.931,48.24
29-May-19,0.693,0.6206,0.5472,75.71,4.7898,827.55,0.9345,48.34
30-May-19,0.6929,0.6222,0.5484,76.01,4.7884,823.93,0.9362,48.37
31-May-19,0.6916,0.6214,0.5484,75.34,4.7769,823.42,0.9366,48.28
03-Jun-19,0.6948,0.6217,0.5498,75.18,4.7965,820.33,0.9377,48.25
04-Jun-19,0.6982,0.6204,0.5509,75.34,4.8227,825.13,0.9382,48.32
05-Jun-19,0.7,0.6214,0.5505,75.65,4.8373,826.36,0.9363,48.48
06-Jun-19,0.6975,0.6209,0.5499,75.43,4.8216,822.04,0.9353,48.38
07-Jun-19,0.697,0.6188,0.549,75.58,4.816,822.6,0.9308,48.31
11-Jun-19,0.6953,0.6143,0.5483,75.52,4.8093,821.36,0.922,48.28
12-Jun-19,0.6948,0.6128,0.5461,75.32,4.8063,822.16,0.9237,48.23
13-Jun-19,0.6913,0.6118,0.5447,74.9,4.7832,817.57,0.9212,47.95
14-Jun-19,0.6898,0.612,0.5443,74.73,4.7762,816.76,0.9203,47.99
17-Jun-19,0.6878,0.6132,0.5461,74.7,4.7619,815.59,0.9221,48.01
18-Jun-19,0.684,0.6087,0.5457,74.06,4.7379,810.57,0.9168,47.73
19-Jun-19,0.6878,0.6145,0.5476,74.52,4.7477,808.31,0.9203,47.9
20-Jun-19,0.6895,0.612,0.5431,74.21,4.7345,802.34,0.9124,47.98
21-Jun-19,0.6933,0.6139,0.546,74.33,4.7626,806.13,0.914,48.3
24-Jun-19,0.6954,0.6112,0.5455,74.74,4.7797,803.88,0.9173,48.34
25-Jun-19,0.6958,0.6107,0.5461,74.48,4.7893,804.18,0.918,48.27
26-Jun-19,0.697,0.6134,0.5501,74.89,4.7979,806.6,0.9184,48.34
27-Jun-19,0.6992,0.6157,0.5515,75.56,4.8099,809.71,0.9184,48.4
28-Jun-19,0.7013,0.6171,0.5535,75.54,4.8181,810.2,0.9187,48.36
01-Jul-19,0.6994,0.6174,0.5514,75.77,4.788,810.57,0.9164,48.24
02-Jul-19,0.6979,0.618,0.5521,75.62,4.7902,814.24,0.9159,48.16
03-Jul-19,0.6998,0.6198,0.556,75.37,4.8192,819.77,0.917,48.19
04-Jul-19,0.7036,0.6236,0.5593,75.86,4.8335,822.52,0.9194,48.43
05-Jul-19,0.702,0.6223,0.558,75.73,4.8271,821.89,0.9169,48.22
08-Jul-19,0.699,0.6224,0.5578,75.7,4.8167,825.06,0.914,48.02
09-Jul-19,0.6958,0.6204,0.5563,75.68,4.7881,821.04,0.9118,47.87
10-Jul-19,0.6924,0.6177,0.5559,75.37,4.7668,817.83,0.9091,47.43
11-Jul-19,0.6972,0.6186,0.5564,75.3,4.7857,817.05,0.9101,47.66
12-Jul-19,0.7001,0.6209,0.558,75.84,4.8109,824.54,0.9125,48
15-Jul-19,0.7034,0.6239,0.5595,75.97,4.8357,829.48,0.9165,48.23
16-Jul-19,0.7036,0.6249,0.5624,76.01,4.8375,828.03,0.9183,48.23
17-Jul-19,0.701,0.6249,0.5645,75.87,4.8245,827.7,0.9161,48.22
18-Jul-19,0.7034,0.6258,0.5655,75.75,4.8374,828.11,0.9182,48.44
19-Jul-19,0.7065,0.6276,0.5638,76.05,4.8581,829.91,0.9216,48.65
22-Jul-19,0.7038,0.6273,0.5629,76,4.8414,829.18,0.9194,48.58
23-Jul-19,0.7019,0.6273,0.5636,75.94,4.8319,827.33,0.9224,48.43
24-Jul-19,0.6985,0.6266,0.5615,75.52,4.8063,822.58,0.9175,48.21
25-Jul-19,0.6968,0.6257,0.5584,75.34,4.7913,822.47,0.9152,48.07
26-Jul-19,0.6944,0.623,0.5579,75.45,4.777,822.17,0.914,47.96
29-Jul-19,0.6908,0.6208,0.5587,75.03,4.7603,817.46,0.9102,47.58
30-Jul-19,0.6895,0.6193,0.5684,74.89,4.7518,814.95,0.9085,47.4
31-Jul-19,0.6894,0.6179,0.5669,74.84,4.7452,814.86,0.9059,47.47
01-Aug-19,0.6851,0.6199,0.5649,74.81,4.7273,813.76,0.9051,47.31
02-Aug-19,0.6812,0.6148,0.5625,72.97,4.7249,815.35,0.9008,47.3
06-Aug-19,0.6784,0.6059,0.5588,72.36,4.779,824.09,0.8951,47.96
07-Aug-19,0.6716,0.5993,0.5522,71.32,4.7328,815.29,0.8926,47.63
08-Aug-19,0.6775,0.6042,0.557,71.9,4.7736,819.95,0.8998,48.05
09-Aug-19,0.681,0.6082,0.5609,72.12,4.8013,824,0.9006,48.01
12-Aug-19,0.6786,0.6053,0.5637,71.54,4.7936,824.67,0.8968,48.04
13-Aug-19,0.6764,0.6043,0.5604,71.29,4.7797,824.84,0.8958,48.11
14-Aug-19,0.6788,0.6079,0.5631,72.26,4.7644,823.47,0.8976,48.23
15-Aug-19,0.6783,0.6084,0.5626,71.85,4.7667,822.54,0.9023,48.35
16-Aug-19,0.679,0.6114,0.5604,72.04,4.7783,822.11,0.904,48.37
19-Aug-19,0.6783,0.6116,0.5578,72.16,4.7803,821.39,0.9006,48.36
20-Aug-19,0.6789,0.6124,0.56,72.34,4.7977,820.01,0.904,48.6
21-Aug-19,0.6781,0.6111,0.5582,72.23,4.7849,815.3,0.9023,48.52
22-Aug-19,0.6769,0.6109,0.5583,72.05,4.7871,816.68,0.9011,48.52
23-Aug-19,0.6756,0.6104,0.5524,72.04,4.7885,817.78,0.9,48.48
26-Aug-19,0.6734,0.6043,0.549,70.88,4.8133,820.34,0.8958,48.62
27-Aug-19,0.6758,0.6087,0.5531,71.43,4.8375,819.79,0.895,48.54
28-Aug-19,0.6738,0.6076,0.5486,71.31,4.8246,818.11,0.8962,48.29
29-Aug-19,0.6722,0.6065,0.5505,71.17,4.8175,817.76,0.895,48.44
30-Aug-19,0.6718,0.6081,0.5512,71.46,4.8029,812.85,0.8937,48.2
02-Sep-19,0.6728,0.6124,0.5532,71.46,4.8174,814.56,0.896,48.04
03-Sep-19,0.6719,0.6138,0.5594,71.39,4.8246,816.8,0.896,48.49
04-Sep-19,0.6775,0.6173,0.5596,71.86,4.8552,820.02,0.9029,48.85
05-Sep-19,0.6817,0.6182,0.5569,72.66,4.8645,816.51,0.9008,48.95
06-Sep-19,0.6823,0.6178,0.5531,73.02,4.8764,817.05,0.9015,48.93
09-Sep-19,0.686,0.6222,0.5592,73.31,4.8905,817.44,0.9034,49.1
10-Sep-19,0.6857,0.6209,0.5554,73.62,4.8799,817.29,0.9035,49.17
11-Sep-19,0.6875,0.6222,0.556,74.12,4.8907,818.79,0.9037,49.28
12-Sep-19,0.6881,0.6248,0.5583,74.31,4.8772,819.39,0.9071,49.13
13-Sep-19,0.6873,0.6208,0.5565,74.31,4.8656,818.44,0.9088,48.76
16-Sep-19,0.6875,0.6211,0.5514,74.15,4.8595,813.86,0.9098,49.16
17-Sep-19,0.6841,0.6212,0.5508,74.01,4.8478,813.57,0.9064,49.12
18-Sep-19,0.6849,0.619,0.5483,74.12,4.8525,815.78,0.9079,48.88
19-Sep-19,0.679,0.615,0.5442,73.28,4.8226,810.9,0.902,48.35
20-Sep-19,0.6802,0.6152,0.5416,73.36,4.8185,809.02,0.9026,48.21
23-Sep-19,0.6778,0.6148,0.5434,73.01,4.8207,809.33,0.8996,48.07
24-Sep-19,0.6781,0.6171,0.5456,72.96,4.8221,809.18,0.8991,48.01
25-Sep-19,0.6782,0.6167,0.5441,72.8,4.8272,812.8,0.8994,48.19
26-Sep-19,0.6752,0.6163,0.546,72.69,4.8118,809.34,0.895,47.86
27-Sep-19,0.6762,0.6192,0.5482,72.86,4.8262,812.01,0.8972,47.93
30-Sep-19,0.6749,0.6171,0.5488,72.74,4.8086,808.4,0.8934,47.7
01-Oct-19,0.6708,0.616,0.5456,72.56,4.7951,804.62,0.889,47.53
02-Oct-19,0.6714,0.614,0.547,72.38,4.7994,809.17,0.8872,47.73
03-Oct-19,0.6717,0.613,0.5462,71.96,4.8015,810,0.8946,47.8
04-Oct-19,0.6755,0.6158,0.5472,72.16,4.8287,807.43,0.9004,47.85
08-Oct-19,0.6748,0.6147,0.5488,72.47,4.8092,806.22,0.8971,47.93
09-Oct-19,0.6736,0.6145,0.5515,72.18,4.8122,803.74,0.897,47.92
10-Oct-19,0.6746,0.6141,0.5517,72.52,4.8,806.99,0.8984,47.91
11-Oct-19,0.6777,0.6151,0.5444,73.17,4.8139,806.02,0.9007,48.07
14-Oct-19,0.6788,0.6153,0.5384,73.53,4.7884,802.85,0.8966,48.08
15-Oct-19,0.6773,0.6142,0.5361,73.38,4.7907,802,0.8962,48.29
16-Oct-19,0.6733,0.6104,0.5278,73.16,4.7783,800.14,0.8894,48.26
17-Oct-19,0.6785,0.6126,0.5293,73.78,4.8163,805.01,0.8962,48.45
18-Oct-19,0.6831,0.6142,0.5318,74.17,4.8346,806.37,0.8975,48.67
21-Oct-19,0.686,0.6148,0.5316,74.46,4.8494,805.4,0.9008,48.81
22-Oct-19,0.6876,0.6165,0.5297,74.7,4.8663,804.87,0.8994,48.79
23-Oct-19,0.6843,0.6153,0.5321,74.15,4.8472,803.51,0.8967,48.54
24-Oct-19,0.6843,0.6145,0.5298,74.31,4.8362,801.25,0.895,48.5
25-Oct-19,0.6818,0.6141,0.5309,74.08,4.8222,800.82,0.8912,48.39
28-Oct-19,0.6814,0.6148,0.5317,74.12,4.8101,796.18,0.8909,48.3
29-Oct-19,0.6854,0.6179,0.5333,74.71,4.8382,798.63,0.8948,48.46
30-Oct-19,0.6864,0.6179,0.5335,74.71,4.8489,802.23,0.8986,48.74
31-Oct-19,0.6926,0.6203,0.5357,75.26,4.8753,803.94,0.9113,48.99
01-Nov-19,0.6905,0.6185,0.5328,74.59,4.8635,806.09,0.9084,48.99
04-Nov-19,0.6921,0.6196,0.5349,74.91,4.8633,803.08,0.9092,48.91
05-Nov-19,0.6904,0.6206,0.5361,75.12,4.849,801.07,0.908,48.83
06-Nov-19,0.6897,0.623,0.5356,75.23,4.8253,798.4,0.908,48.89
07-Nov-19,0.6867,0.6209,0.5347,74.64,4.8199,797.12,0.9062,48.78
08-Nov-19,0.6881,0.6228,0.537,75.17,4.8018,795.75,0.9073,49.03
11-Nov-19,0.6853,0.6216,0.5356,74.73,4.7978,796.18,0.9068,48.91
12-Nov-19,0.6847,0.6205,0.5324,74.73,4.7954,797.09,0.9066,48.93
13-Nov-19,0.6843,0.6212,0.5326,74.64,4.8026,799.57,0.9064,49.09
14-Nov-19,0.6798,0.6179,0.5295,73.9,4.7736,796.01,0.9013,49.04
15-Nov-19,0.6795,0.6163,0.5275,73.78,4.7615,791.83,0.8984,48.81
18-Nov-19,0.6811,0.6158,0.527,74.12,4.7756,792.7,0.9003,48.8
19-Nov-19,0.6798,0.6138,0.5248,73.82,4.7763,794.41,0.8978,48.9
20-Nov-19,0.6817,0.6156,0.5279,73.98,4.7926,797.83,0.9054,48.89
21-Nov-19,0.6797,0.6137,0.5258,73.77,4.7845,800.96,0.9046,48.82
22-Nov-19,0.6788,0.6135,0.5255,73.74,4.7728,799.24,0.9018,48.7
25-Nov-19,0.6794,0.6164,0.5288,73.88,4.7803,800.03,0.9034,48.69
26-Nov-19,0.6782,0.6158,0.5259,73.92,4.7681,798.09,0.9027,48.57
27-Nov-19,0.6777,0.6154,0.5272,73.96,4.764,797.42,0.8999,48.39
28-Nov-19,0.6763,0.6144,0.5231,74.02,4.753,797.56,0.8987,48.32
29-Nov-19,0.6777,0.6155,0.5249,74.19,4.766,800.74,0.9004,48.59
02-Dec-19,0.6774,0.6148,0.5245,74.27,4.7619,800.11,0.9003,48.58
03-Dec-19,0.6841,0.6178,0.5287,74.7,4.8163,811.41,0.9101,48.97
04-Dec-19,0.6825,0.6162,0.5252,74.12,4.8249,815.31,0.907,48.95
05-Dec-19,0.6839,0.617,0.5215,74.44,4.8246,813.92,0.9017,48.89
06-Dec-19,0.6843,0.616,0.5202,74.36,4.8224,815.1,0.9022,48.81
09-Dec-19,0.6832,0.6179,0.5197,74.18,4.8063,812.73,0.9061,48.6
10-Dec-19,0.6829,0.617,0.5193,74.19,4.8064,814.87,0.9036,48.43
11-Dec-19,0.6818,0.6148,0.519,74.15,4.7978,814.06,0.9023,48.25
12-Dec-19,0.6882,0.6177,0.5207,74.72,4.8387,817.41,0.9062,48.65
13-Dec-19,0.6926,0.62,0.5147,75.92,4.8263,809.82,0.9118,48.92
16-Dec-19,0.6873,0.6174,0.5134,75.18,4.8099,805.62,0.9054,48.74
17-Dec-19,0.6871,0.6164,0.5168,75.27,4.8077,800.51,0.9045,48.76
18-Dec-19,0.6846,0.615,0.5226,74.92,4.7966,798.21,0.9014,48.66
19-Dec-19,0.688,0.6184,0.526,75.4,4.8185,800.41,0.9024,48.8
20-Dec-19,0.689,0.6198,0.5291,75.33,4.8304,801.07,0.905,48.96
23-Dec-19,0.6906,0.6233,0.5309,75.57,4.843,802.49,0.9087,49.17
24-Dec-19,0.6914,0.6236,0.5341,75.63,4.8465,804.02,0.9095,49.24
27-Dec-19,0.6953,0.6253,0.5346,76.11,4.8665,806.72,0.9114,49.56
30-Dec-19,0.699,0.6243,0.5331,76.3,4.8809,808.04,0.9135,49.88
31-Dec-19,0.7006,0.6254,0.534,76.16,4.8876,810.07,0.9144,49.94
02-Jan-20,0.7003,0.6252,0.5302,76.15,4.8789,810.63,0.9098,49.93
03-Jan-20,0.6966,0.6236,0.5307,75.32,4.855,811.86,0.9051,49.91
06-Jan-20,0.6945,0.622,0.5308,75.05,4.8416,811.8,0.9012,50.02
07-Jan-20,0.6928,0.6191,0.526,75.17,4.8186,807.15,0.8984,49.68
08-Jan-20,0.6871,0.6163,0.5236,74.43,4.7721,804.63,0.8921,49.5
09-Jan-20,0.6873,0.6184,0.5243,75.07,4.7615,797.3,0.8962,49.11
10-Jan-20,0.6873,0.6187,0.5256,75.29,4.7646,798.06,0.8978,48.87
13-Jan-20,0.6914,0.6213,0.5303,75.8,4.7714,798.5,0.9021,48.97
14-Jan-20,0.6902,0.6197,0.5311,75.97,4.7449,796.87,0.9013,48.9
15-Jan-20,0.6899,0.6196,0.5296,75.82,4.7566,798.8,0.9009,48.92
16-Jan-20,0.6907,0.6194,0.5294,75.93,4.755,801,0.9009,48.91
17-Jan-20,0.6895,0.6194,0.5275,75.98,4.7374,799.16,0.8999,48.94
20-Jan-20,0.6884,0.6203,0.5295,75.85,4.7145,797.27,0.8993,48.94
21-Jan-20,0.6865,0.6185,0.5275,75.49,4.7331,800.63,0.8964,48.86
22-Jan-20,0.6839,0.6171,0.5243,75.24,4.7208,796.06,0.8949,48.69
23-Jan-20,0.6867,0.6195,0.5231,75.28,4.7533,801.62,0.904,48.88
24-Jan-20,0.6847,0.6197,0.5218,75,4.7536,800.17,0.8989,48.8
28-Jan-20,0.6762,0.6134,0.5179,73.69,4.6946,795.79,0.8916,48.24
29-Jan-20,0.6774,0.6151,0.5202,73.97,4.7029,796.45,0.8917,48.23
30-Jan-20,0.6739,0.6117,0.5177,73.39,4.6786,798.54,0.8898,48.15
31-Jan-20,0.6724,0.6099,0.5133,73.35,4.6682,798.95,0.8878,48.05
03-Feb-20,0.6696,0.6042,0.5086,72.64,4.6987,800.98,0.8868,47.91
04-Feb-20,0.6719,0.6075,0.5165,73.06,4.7029,797.31,0.893,47.84
05-Feb-20,0.6738,0.6106,0.5176,73.77,4.7186,801.22,0.8955,48
06-Feb-20,0.676,0.6148,0.5208,74.33,4.7053,796.71,0.8979,48.15
07-Feb-20,0.6718,0.6118,0.5192,73.84,4.6891,798.27,0.8929,47.84
10-Feb-20,0.6699,0.6114,0.5191,73.51,4.6827,796.8,0.8906,47.8
11-Feb-20,0.6709,0.615,0.5196,73.72,4.6814,793.94,0.8925,47.77
12-Feb-20,0.6728,0.6165,0.5192,73.89,4.6848,793.1,0.8937,47.92
13-Feb-20,0.6719,0.6182,0.5188,73.81,4.6905,794.15,0.8903,48.01
14-Feb-20,0.6719,0.6202,0.5151,73.76,4.6913,794.86,0.891,47.91
17-Feb-20,0.6725,0.6205,0.5156,73.86,4.6918,795.34,0.8903,48.05
18-Feb-20,0.6692,0.6179,0.5149,73.44,4.6806,795.38,0.8865,47.77
19-Feb-20,0.6696,0.6201,0.515,73.68,4.6907,797.66,0.887,47.92
20-Feb-20,0.665,0.6158,0.515,74.06,4.6692,797.03,0.8797,47.68
21-Feb-20,0.6605,0.6119,0.5123,73.96,4.6431,796.65,0.8752,47.32
24-Feb-20,0.6609,0.6108,0.5108,73.74,4.647,805.05,0.8766,47.44
25-Feb-20,0.6614,0.609,0.5112,73.3,4.6397,801.91,0.8788,47.55
26-Feb-20,0.6596,0.6069,0.5079,72.88,4.6297,800.64,0.8759,47.33
27-Feb-20,0.6555,0.6007,0.5069,72.11,4.601,798.5,0.8748,46.99
28-Feb-20,0.6524,0.5934,0.5063,71.09,4.5742,793.81,0.8773,46.95
02-Mar-20,0.6522,0.59,0.5085,70.52,4.546,780.75,0.8706,47.11
03-Mar-20,0.6552,0.5879,0.5127,70.64,4.5673,781.57,0.874,47.65
04-Mar-20,0.6595,0.5908,0.5147,70.81,4.5724,781.97,0.8807,48.39
05-Mar-20,0.662,0.5943,0.5142,71.05,4.5934,784.44,0.8869,48.65
06-Mar-20,0.6602,0.5878,0.5096,69.88,4.5927,787.23,0.8851,48.67
09-Mar-20,0.6539,0.5735,0.5003,67.24,4.5392,788.08,0.8922,48.37
10-Mar-20,0.6566,0.5772,0.5026,68.44,4.5543,783.6,0.8958,48.64
11-Mar-20,0.6505,0.5738,0.5032,67.94,4.5221,776.87,0.8911,48.09
12-Mar-20,0.6457,0.5716,0.5039,67.18,4.5021,777.97,0.8899,47.9
13-Mar-20,0.6307,0.5621,0.5023,66.6,4.4118,770.37,0.8762,46.7
16-Mar-20,0.6176,0.5547,0.5006,65.95,4.3227,754.31,0.8561,45.82
17-Mar-20,0.6121,0.5475,0.4995,65.25,4.2817,760.36,0.8555,45.24
18-Mar-20,0.6018,0.5456,0.4968,64.52,4.2175,743.07,0.8537,44.58
19-Mar-20,0.5571,0.5112,0.4845,60.77,3.9412,718.77,0.8147,41.74
20-Mar-20,0.5853,0.5437,0.5018,64.37,4.1465,732.09,0.8418,43.86
23-Mar-20,0.5762,0.5366,0.4945,63.42,4.0896,736.49,0.8319,43.8
24-Mar-20,0.5912,0.548,0.508,65.21,4.1886,742.13,0.853,45.04
25-Mar-20,0.6007,0.5556,0.5089,66.88,4.2471,737.83,0.8637,45.7
26-Mar-20,0.5931,0.5437,0.5003,65.67,4.2152,726.99,0.8445,44.68
27-Mar-20,0.6102,0.5518,0.498,66.1,4.3103,737.81,0.8553,45.54
30-Mar-20,0.615,0.555,0.4962,66.19,4.3639,753.59,0.8641,46.27
31-Mar-20,0.6175,0.5605,0.5006,66.85,4.377,752.86,0.8767,46.63
01-Apr-20,0.6124,0.5559,0.4947,66,4.3412,747.84,0.8641,46.26
02-Apr-20,0.6081,0.5556,0.4908,65.36,4.319,750.62,0.8615,45.94
03-Apr-20,0.6072,0.5599,0.4903,65.57,4.3048,748.47,0.8603,46.1
06-Apr-20,0.6035,0.5574,0.4927,65.8,4.2797,742.14,0.8539,45.97
07-Apr-20,0.6145,0.5674,0.5004,66.88,4.3472,751.87,0.8634,46.61
08-Apr-20,0.6146,0.5647,0.4981,66.91,4.3386,748.19,0.8623,46.66
09-Apr-20,0.6211,0.5722,0.5022,67.64,4.3912,758.39,0.8725,47.51
14-Apr-20,0.6419,0.5868,0.511,69.14,4.5246,781.14,0.8909,48.96
15-Apr-20,0.6384,0.5823,0.5071,68.34,4.5051,777,0.8885,48.64
16-Apr-20,0.6286,0.5775,0.5036,67.8,4.4506,771.92,0.8871,48.26
17-Apr-20,0.636,0.5853,0.5092,68.52,4.5017,773.52,0.8922,48.65
20-Apr-20,0.6346,0.5846,0.5094,68.45,4.4916,773.6,0.8941,48.63
21-Apr-20,0.6314,0.5824,0.5089,67.84,4.4733,776.93,0.894,48.43
22-Apr-20,0.6323,0.5825,0.5142,68.03,4.4785,780.17,0.8979,48.54
23-Apr-20,0.6341,0.5854,0.5129,68.34,4.4902,779.94,0.896,48.26
24-Apr-20,0.6343,0.5893,0.5141,68.3,4.4943,784.35,0.8939,48.46
27-Apr-20,0.6462,0.5957,0.5193,69.32,4.5716,792.74,0.9089,49.2
28-Apr-20,0.6457,0.5965,0.5198,69.22,4.5745,790.66,0.9074,49.32
29-Apr-20,0.6542,0.6027,0.5241,69.7,4.629,797.18,0.9115,49.56
30-Apr-20,0.6566,0.6043,0.5261,69.91,4.6299,800.07,0.9104,49.23
01-May-20,0.6459,0.5899,0.5143,69.14,4.5621,787.03,0.9054,48.87
04-May-20,0.6382,0.584,0.5132,68.15,4.5077,784.32,0.9021,48.37
05-May-20,0.6459,0.5921,0.518,68.87,4.5621,793.91,0.907,48.8
06-May-20,0.6449,0.595,0.5186,68.59,4.5713,788.56,0.9053,48.81
07-May-20,0.6426,0.5954,0.5211,68.31,4.561,787.91,0.9073,48.69
08-May-20,0.653,0.6023,0.5267,69.49,4.6183,796.16,0.9103,49.24
11-May-20,0.6543,0.6035,0.527,69.96,4.6343,797.7,0.9109,49.56
12-May-20,0.6477,0.5992,0.5253,69.58,4.5943,794,0.9088,49.12
13-May-20,0.6473,0.5966,0.5273,69.35,4.5903,793.46,0.9099,48.8
14-May-20,0.6434,0.5954,0.5276,68.73,4.5672,790.18,0.9075,48.51
15-May-20,0.6455,0.5974,0.5287,69.23,4.5841,794.05,0.9067,48.75
18-May-20,0.6429,0.5942,0.5314,68.89,4.5724,793.02,0.9057,48.81
19-May-20,0.652,0.5973,0.5344,70.02,4.637,799.69,0.9098,49.33
20-May-20,0.6551,0.5986,0.5342,70.59,4.6525,805.37,0.9122,49.57
21-May-20,0.6556,0.5986,0.5379,70.6,4.6585,807.26,0.914,49.69
22-May-20,0.6541,0.5986,0.5354,70.3,4.6575,808.68,0.9161,49.58
25-May-20,0.6529,0.5997,0.5362,70.32,4.6627,811.95,0.9136,49.6
26-May-20,0.6577,0.6022,0.5382,70.93,4.6912,811.94,0.9166,49.76
27-May-20,0.664,0.6059,0.5391,71.39,4.7507,819.28,0.9155,50.23
28-May-20,0.6612,0.6004,0.5393,71.31,4.7369,820.55,0.9101,50.1
29-May-20,0.6659,0.5998,0.5394,71.32,4.7587,823.12,0.9165,50.35
01-Jun-20,0.6742,0.6052,0.5441,72.51,4.7979,826.55,0.925,50.82
02-Jun-20,0.6803,0.611,0.5442,73.27,4.8429,833.32,0.9207,51.41
03-Jun-20,0.694,0.6194,0.5515,75.36,4.9361,844.85,0.9368,52.21
04-Jun-20,0.6906,0.6157,0.5508,75.3,4.9189,840.92,0.933,52.14
05-Jun-20,0.7,0.6157,0.554,76.5,4.9613,845.68,0.9433,52.79
09-Jun-20,0.6995,0.6195,0.5501,75.57,4.9474,836.91,0.9367,52.78
10-Jun-20,0.6997,0.6158,0.5481,75.2,4.9467,833.03,0.9363,52.81
11-Jun-20,0.6929,0.6107,0.5468,74.24,4.9001,828.85,0.9339,52.53
12-Jun-20,0.6867,0.6072,0.5451,73.66,4.8625,826.68,0.934,52.13
15-Jun-20,0.679,0.604,0.5441,72.74,4.8172,824.95,0.9279,51.67
16-Jun-20,0.6946,0.6127,0.5483,74.67,4.9119,838.62,0.94,52.67
17-Jun-20,0.6882,0.6105,0.5482,73.81,4.8791,836.31,0.9319,52.44
18-Jun-20,0.687,0.6106,0.5475,73.44,4.8627,831.37,0.9321,52.31
19-Jun-20,0.6861,0.6118,0.5512,73.31,4.8614,831.33,0.9327,52.29
22-Jun-20,0.686,0.6127,0.5542,73.31,4.8576,833.09,0.9328,52.21
23-Jun-20,0.6897,0.6126,0.5541,73.88,4.8825,834.81,0.9349,52.26
24-Jun-20,0.6943,0.6136,0.555,73.98,4.9079,833.78,0.9411,52.57
25-Jun-20,0.6875,0.6113,0.5537,73.68,4.8663,827.33,0.9381,52.02
26-Jun-20,0.6888,0.6138,0.5542,73.74,4.8755,825.64,0.9394,51.97
29-Jun-20,0.6879,0.6114,0.5559,73.67,4.8676,825.12,0.9399,51.98
30-Jun-20,0.6863,0.6111,0.5586,73.94,4.8523,824.96,0.9387,51.81
01-Jul-20,0.6895,0.6143,0.5574,74.19,4.8748,830.12,0.9363,52.08
02-Jul-20,0.6924,0.6146,0.5545,74.41,4.8916,831.23,0.9424,52.27
03-Jul-20,0.693,0.6168,0.5559,74.5,4.8969,832.17,0.9401,51.75
06-Jul-20,0.6972,0.6174,0.5578,75.08,4.9111,834.1,0.9432,52.02
07-Jul-20,0.6958,0.6153,0.5568,74.82,4.8801,831.35,0.9433,52.1
08-Jul-20,0.6941,0.6156,0.5528,74.66,4.8715,829.09,0.9443,52.03
09-Jul-20,0.6986,0.6147,0.553,74.94,4.8818,835.07,0.9436,52.38
10-Jul-20,0.6931,0.615,0.5508,74.09,4.8579,835.14,0.9437,52.17
13-Jul-20,0.6978,0.6159,0.5512,74.6,4.8835,837.38,0.9464,52.44
14-Jul-20,0.6942,0.6122,0.5533,74.45,4.8679,837.6,0.9458,52.37
15-Jul-20,0.7,0.614,0.5566,75.08,4.8983,840.37,0.9521,52.69
16-Jul-20,0.6993,0.6133,0.5569,74.79,4.8933,842.97,0.9444,52.62
17-Jul-20,0.6982,0.6135,0.5562,74.86,4.8883,842.43,0.9486,52.47
20-Jul-20,0.6987,0.6101,0.5572,74.97,4.8827,840.66,0.949,52.37
21-Jul-20,0.704,0.6152,0.5552,75.57,4.9226,843.17,0.9508,52.64
22-Jul-20,0.7152,0.6198,0.5621,76.4,4.9867,853.57,0.9614,53.4
23-Jul-20,0.7151,0.6173,0.5613,76.62,5.0058,856.7,0.9582,53.41
24-Jul-20,0.7086,0.6107,0.5564,75.41,4.9744,851.8,0.9509,53.07
27-Jul-20,0.7129,0.6093,0.5558,75.3,4.9912,852.79,0.9544,53.27
28-Jul-20,0.7141,0.6085,0.5552,75.37,4.9991,854.99,0.9546,53.37
29-Jul-20,0.7165,0.6106,0.5545,75.28,5.0183,855.74,0.9579,53.56
30-Jul-20,0.7159,0.6088,0.5523,75.36,5.0134,854.64,0.957,53.6
31-Jul-20,0.7213,0.6067,0.5497,75.27,5.0409,857.91,0.9689,53.9
04-Aug-20,0.7132,0.6062,0.5456,75.65,4.9783,851.59,0.9544,53.56
05-Aug-20,0.7181,0.6084,0.549,75.89,4.9975,854.79,0.9547,53.79
06-Aug-20,0.7207,0.6065,0.5488,76.01,5.0058,853.82,0.9556,53.97
07-Aug-20,0.7207,0.6085,0.5491,76.06,5.0192,854.57,0.9622,54.04
10-Aug-20,0.7165,0.6075,0.5482,75.79,4.9904,849.2,0.9585,53.65
11-Aug-20,0.7177,0.6109,0.5484,76.16,4.9898,850.37,0.9566,53.72
12-Aug-20,0.7118,0.6072,0.5462,75.96,4.9459,844.46,0.9492,53.24
13-Aug-20,0.7172,0.6071,0.5486,76.5,4.9795,849.36,0.9495,53.65
14-Aug-20,0.7157,0.6055,0.5476,76.47,4.9701,847.92,0.9457,53.52
17-Aug-20,0.7183,0.6056,0.5485,76.56,4.9831,850.9,0.9517,53.75
18-Aug-20,0.7225,0.6076,0.55,76.31,5.0082,856.81,0.9528,54.07
19-Aug-20,0.7249,0.6073,0.5473,76.53,5.0178,856.24,0.954,54.18
20-Aug-20,0.7172,0.6056,0.548,76.09,4.9655,851.71,0.9484,53.8
21-Aug-20,0.7204,0.6063,0.544,76.07,4.9747,854.37,0.9485,53.96
24-Aug-20,0.7178,0.6081,0.5479,75.96,4.9655,854.02,0.9448,53.73
25-Aug-20,0.7174,0.6076,0.5477,76.04,4.958,850.98,0.9493,53.37
26-Aug-20,0.7193,0.6089,0.5478,76.53,4.9668,853.73,0.9483,53.5
27-Aug-20,0.7237,0.6117,0.548,76.75,4.9827,857.92,0.952,53.79
28-Aug-20,0.7299,0.6148,0.5503,77.57,5.0154,864.09,0.9556,53.6
31-Aug-20,0.7354,0.6178,0.5512,77.66,5.0389,871.57,0.9621,54.03
01-Sep-20,0.7412,0.618,0.5524,78.29,5.0542,876.6,0.9637,53.96
02-Sep-20,0.736,0.6181,0.5501,78.05,5.0257,872.46,0.9612,53.66
03-Sep-20,0.7306,0.6191,0.5495,77.66,4.9997,868.25,0.9557,53.59
04-Sep-20,0.727,0.6134,0.5476,77.18,4.9726,864.82,0.9543,53.29
07-Sep-20,0.7279,0.6154,0.5508,77.38,4.9728,864.54,0.9535,53.33
08-Sep-20,0.7289,0.6172,0.5545,77.46,4.9809,865.09,0.9554,53.55
09-Sep-20,0.7225,0.6133,0.5574,76.54,4.9494,859.12,0.9562,53.17
10-Sep-20,0.728,0.6155,0.5596,77.26,4.9788,862.72,0.9565,53.42
11-Sep-20,0.7281,0.6151,0.5675,77.31,4.9779,864.15,0.9587,53.49
14-Sep-20,0.7287,0.6147,0.568,77.29,4.9767,862.59,0.9588,53.44
15-Sep-20,0.7328,0.616,0.5697,77.43,4.9702,864.13,0.9631,53.8
16-Sep-20,0.7311,0.6172,0.567,77.03,4.9502,860.34,0.9636,53.92
17-Sep-20,0.7278,0.6184,0.5624,76.4,4.9273,854.1,0.9627,53.62
18-Sep-20,0.732,0.6174,0.5644,76.71,4.9455,849.83,0.963,53.69
21-Sep-20,0.7315,0.6167,0.5648,76.32,4.9438,847.01,0.9642,53.61
22-Sep-20,0.7213,0.6137,0.5636,75.42,4.8985,840.47,0.9608,52.97
23-Sep-20,0.7135,0.6104,0.5608,74.99,4.8467,830.76,0.9506,52.49
24-Sep-20,0.7042,0.604,0.5542,74.16,4.8037,824.85,0.9438,52.01
25-Sep-20,0.7061,0.6052,0.5536,74.39,4.8145,827.63,0.9433,52.03
28-Sep-20,0.7049,0.6062,0.5519,74.23,4.8124,826.95,0.9435,51.88
29-Sep-20,0.7084,0.6069,0.5508,74.79,4.8336,828.23,0.9476,52.31
30-Sep-20,0.7108,0.6058,0.5538,74.99,4.8425,831.35,0.9533,52.45
01-Oct-20,0.7188,0.6118,0.5554,75.84,4.8814,840.71,0.9551,52.75
02-Oct-20,0.7139,0.609,0.5547,75.03,4.8481,834.98,0.9513,52.22
06-Oct-20,0.7191,0.61,0.5536,75.95,4.8834,834.98,0.9532,52.65
07-Oct-20,0.7124,0.6071,0.5528,75.32,4.8379,826.81,0.9487,52.35
08-Oct-20,0.7145,0.6071,0.5525,75.72,4.8522,825.88,0.9471,52.34
09-Oct-20,0.7179,0.6096,0.5542,76,4.8186,828.03,0.9467,52.48
12-Oct-20,0.7229,0.6116,0.5544,76.27,4.8585,830.14,0.9493,52.85
13-Oct-20,0.7185,0.609,0.5505,75.75,4.8502,825.45,0.9432,52.72
14-Oct-20,0.717,0.6105,0.5548,75.6,4.8322,819.76,0.942,52.61
15-Oct-20,0.7136,0.6072,0.548,75.13,4.7969,816.14,0.9382,52.28
16-Oct-20,0.7072,0.6043,0.5486,74.42,4.7529,810.91,0.9359,51.89
19-Oct-20,0.7086,0.6053,0.5482,74.71,4.7485,809.59,0.9346,52.02
20-Oct-20,0.7043,0.598,0.5441,74.32,4.7092,802.44,0.929,51.67
21-Oct-20,0.7081,0.5977,0.5455,74.56,4.7074,801.33,0.9269,51.96
22-Oct-20,0.7093,0.5988,0.5402,74.27,4.7281,804.95,0.934,52.29
23-Oct-20,0.7113,0.6027,0.5446,74.47,4.754,806.31,0.9351,52.36
26-Oct-20,0.7116,0.6014,0.5464,74.65,4.7581,803.2,0.9362,52.44
27-Oct-20,0.7134,0.6033,0.5473,74.74,4.7813,803.48,0.9404,52.71
28-Oct-20,0.7145,0.6065,0.5478,74.49,4.7947,807.42,0.9424,52.67
29-Oct-20,0.7062,0.6009,0.5431,73.76,4.739,799.57,0.9386,52.26
30-Oct-20,0.7044,0.603,0.5453,73.51,4.708,795.3,0.9378,52.2
02-Nov-20,0.7,0.6018,0.5425,73.3,4.6822,795.12,0.9342,52.07
03-Nov-20,0.703,0.6034,0.5443,73.63,4.7046,798.57,0.9304,52.23
04-Nov-20,0.7105,0.6096,0.5469,74.48,4.7645,808.83,0.9406,53.07
05-Nov-20,0.7166,0.6105,0.553,74.74,4.7693,811.08,0.9413,53.28
06-Nov-20,0.7262,0.6144,0.5533,75.1,4.8138,816.56,0.9506,53.68
09-Nov-20,0.7292,0.6134,0.5533,75.45,4.7981,812.05,0.9489,53.9
10-Nov-20,0.7282,0.6152,0.5523,76.45,4.8112,811.49,0.9472,53.94
11-Nov-20,0.7309,0.6181,0.5511,76.86,4.8219,812.2,0.9526,54.27
12-Nov-20,0.727,0.6177,0.5505,76.52,4.8127,810.51,0.9508,54.11
13-Nov-20,0.723,0.6125,0.5509,75.86,4.7887,806.06,0.9517,53.98
16-Nov-20,0.729,0.6151,0.5511,76.22,4.798,807.98,0.9559,54.32
17-Nov-20,0.7322,0.6174,0.5538,76.51,4.8085,809.94,0.9571,54.51
18-Nov-20,0.7295,0.6146,0.5501,75.93,4.7764,805.92,0.9553,54.34
19-Nov-20,0.7295,0.6158,0.5512,75.7,4.7911,813.68,0.9546,54.18
20-Nov-20,0.7295,0.6138,0.5494,75.74,4.7954,811.83,0.9532,54.08
23-Nov-20,0.7313,0.6159,0.5492,75.87,4.8,813.37,0.9565,54.24
24-Nov-20,0.7317,0.6173,0.5487,76.48,4.8158,812.11,0.9546,54.12
25-Nov-20,0.7356,0.6179,0.5508,76.85,4.8385,813.27,0.9564,54.42
26-Nov-20,0.7362,0.6174,0.5499,76.79,4.8352,813.94,0.9571,54.37
27-Nov-20,0.7375,0.6185,0.5516,76.67,4.8519,814.16,0.9596,54.41
30-Nov-20,0.7393,0.6177,0.5543,76.8,4.868,817.4,0.9604,54.74
01-Dec-20,0.7368,0.6162,0.5514,76.91,4.8459,815.86,0.9556,54.32
02-Dec-20,0.7375,0.6108,0.5496,76.99,4.8329,812.28,0.9545,54.22
03-Dec-20,0.7409,0.6114,0.5534,77.4,4.859,813.03,0.9577,54.67
04-Dec-20,0.7428,0.6118,0.5525,77.18,4.8562,804.99,0.9553,54.77
07-Dec-20,0.743,0.6124,0.5536,77.29,4.8552,804.1,0.9504,54.79
08-Dec-20,0.7426,0.613,0.5563,77.26,4.8536,805,0.9498,54.82
09-Dec-20,0.7442,0.6136,0.5563,77.5,4.8572,804.93,0.9527,54.75
10-Dec-20,0.7478,0.618,0.5592,78.09,4.8942,811.03,0.9568,55.07
11-Dec-20,0.7561,0.622,0.568,78.65,4.9444,826.2,0.9622,55.69
14-Dec-20,0.754,0.6214,0.5662,78.46,4.9303,822.32,0.9619,55.48
15-Dec-20,0.7512,0.6184,0.5637,78.22,4.9234,822.8,0.9593,55.31
16-Dec-20,0.7564,0.6218,0.5617,78.24,4.9482,825.83,0.9626,55.6
17-Dec-20,0.7587,0.6206,0.5603,78.4,4.9595,827.98,0.9652,55.77
18-Dec-20,0.7594,0.6204,0.5614,78.56,4.9683,834.95,0.9682,55.84
21-Dec-20,0.757,0.6209,0.5665,78.27,4.9585,834.31,0.9721,55.75
22-Dec-20,0.7557,0.6182,0.5644,78.18,4.951,836.86,0.9729,55.84
23-Dec-20,0.7552,0.6196,0.5635,78.13,4.9461,837.33,0.9735,55.77
24-Dec-20,0.7582,0.6212,0.5596,78.53,4.9527,836.15,0.9742,55.82
29-Dec-20,0.7596,0.6206,0.563,78.76,4.9613,829.55,0.9743,55.75
30-Dec-20,0.7657,0.6233,0.5654,79.1,4.9954,831.19,0.9794,56.13
31-Dec-20,0.7702,0.6269,0.5657,79.45,5.0298,836.71,0.9818,56.31
04-Jan-21,0.7703,0.6289,0.563,79.34,4.9832,832.89,0.9786,56.17
05-Jan-21,0.7701,0.6276,0.5668,79.32,4.9744,837.59,0.9825,56.33
06-Jan-21,0.7766,0.6318,0.5707,79.86,5.0149,844.04,0.9841,56.79
07-Jan-21,0.7795,0.6325,0.5732,80.39,5.0326,847.86,0.988,56.99
08-Jan-21,0.7769,0.6336,0.5729,80.69,5.0237,850.67,0.985,56.98
11-Jan-21,0.7697,0.6322,0.5702,80.2,4.9937,845.98,0.9821,56.52
12-Jan-21,0.7691,0.6333,0.5687,80.22,4.9779,847.44,0.9832,56.46
13-Jan-21,0.7763,0.6358,0.5675,80.46,5.0123,850.51,0.9872,56.76
14-Jan-21,0.7751,0.6379,0.5682,80.63,5.0154,853.5,0.9833,56.68
15-Jan-21,0.7766,0.6393,0.5676,80.59,5.0232,852.75,0.9825,56.7
18-Jan-21,0.7685,0.6367,0.5666,79.73,4.9866,849.53,0.9821,56.3
19-Jan-21,0.7718,0.6381,0.5672,80.27,5.0067,850.08,0.9819,56.45
20-Jan-21,0.7722,0.636,0.5657,80.13,4.9953,848.9,0.9815,56.44
21-Jan-21,0.7771,0.6406,0.5679,80.35,5.0205,854.94,0.9806,56.67
22-Jan-21,0.7746,0.6363,0.5649,80.23,5.0106,854.24,0.9815,56.57
25-Jan-21,0.7738,0.6355,0.5647,80.3,5.0111,853.1,0.983,56.43
27-Jan-21,0.7736,0.6363,0.5634,80.23,4.9995,855.06,0.9842,56.4
28-Jan-21,0.7628,0.6307,0.558,79.56,4.9417,851.57,0.9787,55.77
29-Jan-21,0.7645,0.6318,0.5577,79.9,4.9405,855.25,0.9836,55.79
01-Feb-21,0.7652,0.6309,0.5572,80.12,4.9437,855.61,0.9774,55.76
02-Feb-21,0.7623,0.6313,0.5571,80.03,4.9251,850.91,0.9783,55.68
03-Feb-21,0.7613,0.6322,0.5571,79.94,4.9175,848.42,0.973,55.55
04-Feb-21,0.7624,0.6343,0.5601,80.16,4.9239,852.78,0.9758,55.59
05-Feb-21,0.7593,0.635,0.5552,80.14,4.9177,854.38,0.9742,55.38
08-Feb-21,0.7673,0.6376,0.559,80.97,4.9551,858.85,0.9795,55.88
09-Feb-21,0.7727,0.6398,0.5608,81.04,4.9832,861.81,0.9836,56.31
10-Feb-21,0.774,0.6381,0.56,80.94,4.9831,857.55,0.9827,56.4
11-Feb-21,0.7735,0.6381,0.5586,80.91,4.9954,856.15,0.9819,56.3
12-Feb-21,0.7745,0.6389,0.5616,81.18,5.0019,857.26,0.9855,56.36
15-Feb-21,0.7782,0.6414,0.56,81.74,5.0258,857.53,0.9859,56.51
16-Feb-21,0.7796,0.6422,0.5593,82.29,5.0348,856.58,0.9839,56.64
17-Feb-21,0.7753,0.6411,0.5581,82.08,5.007,858.09,0.9842,56.49
18-Feb-21,0.7754,0.6442,0.5599,82.09,5.0019,858,0.9852,56.4
19-Feb-21,0.777,0.6425,0.5564,82.05,5.0279,860.92,0.987,56.45
22-Feb-21,0.7876,0.6498,0.5617,83.23,5.0899,872.65,0.9926,57.12
23-Feb-21,0.7923,0.6509,0.5626,83.2,5.1175,879.43,0.9973,57.29
24-Feb-21,0.7913,0.6513,0.5588,83.49,5.1131,878.94,0.9955,57.24
25-Feb-21,0.797,0.6545,0.5629,84.39,5.142,883.72,0.9966,57.66
26-Feb-21,0.7829,0.6441,0.5609,83.1,5.0665,878.53,0.9879,57.2
01-Mar-21,0.7745,0.6413,0.5545,82.5,5.0065,870.07,0.9845,56.85
02-Mar-21,0.7755,0.6451,0.559,82.83,5.0195,871.66,0.9835,56.9
03-Mar-21,0.7822,0.647,0.5605,83.59,5.0564,878.04,0.988,57.18
04-Mar-21,0.7793,0.6465,0.5586,83.43,5.0426,877.61,0.9864,56.76
05-Mar-21,0.7709,0.6448,0.5552,83.3,4.9903,869.85,0.9763,56.16
08-Mar-21,0.7702,0.6469,0.5571,83.47,5.0148,873.06,0.9747,56.28
09-Mar-21,0.7663,0.6462,0.5536,83.67,4.9996,873.83,0.9695,56.06
10-Mar-21,0.7684,0.6469,0.5542,83.63,5.0034,877.87,0.9733,56.04
11-Mar-21,0.7747,0.6495,0.5559,84.14,5.0347,881.11,0.9769,56.37
12-Mar-21,0.7785,0.6506,0.5569,84.64,5.0502,879.36,0.9764,56.57
15-Mar-21,0.7749,0.6488,0.5565,84.6,5.0403,880.33,0.9667,56.36
16-Mar-21,0.7753,0.6494,0.5589,84.65,5.0374,876.69,0.9673,56.15
17-Mar-21,0.7737,0.6501,0.5569,84.43,5.0309,875.67,0.9633,56.13
18-Mar-21,0.7827,0.6544,0.561,85.26,5.0834,879.5,0.9705,56.69
19-Mar-21,0.7753,0.6505,0.5568,84.41,5.0484,877.27,0.9682,56.24
22-Mar-21,0.7726,0.6496,0.5579,84.06,5.0282,873.29,0.9659,55.95
23-Mar-21,0.77,0.6458,0.5566,83.72,5.0129,869.1,0.966,55.74
24-Mar-21,0.7601,0.6417,0.5543,82.49,4.9582,860.65,0.9575,55.15
25-Mar-21,0.76,0.6429,0.5548,82.78,4.9651,861.73,0.9554,55.18
26-Mar-21,0.7613,0.6464,0.5533,83.19,4.9807,860.92,0.9582,55.18
29-Mar-21,0.7631,0.6478,0.5541,83.6,4.9946,863.81,0.9627,55.33
30-Mar-21,0.7652,0.6505,0.5553,84.13,5.0281,867.52,0.9635,55.71
31-Mar-21,0.7602,0.6493,0.5538,84.28,4.9895,860.62,0.9594,55.91
01-Apr-21,0.7543,0.6438,0.5479,83.5,4.9577,853.79,0.9499,55.15
06-Apr-21,0.7648,0.6475,0.5496,84.26,5.009,857.33,0.9585,56.06
07-Apr-21,0.766,0.6451,0.5544,84.08,5.0087,854.97,0.964,56.58
08-Apr-21,0.7638,0.6433,0.555,83.77,5.0016,853.23,0.9624,56.77
09-Apr-21,0.7614,0.6402,0.5556,83.3,4.9912,853.1,0.9589,56.92
12-Apr-21,0.7605,0.6396,0.5555,83.31,4.9846,856.04,0.9556,56.97
13-Apr-21,0.7604,0.6393,0.5535,83.41,4.9815,856.86,0.9566,57.07
14-Apr-21,0.7672,0.6413,0.5569,83.56,5.0179,857.57,0.9619,57.66
15-Apr-21,0.7716,0.6444,0.5601,84.03,5.0446,862.38,0.9666,57.94
16-Apr-21,0.7745,0.647,0.5626,84.27,5.0549,862.74,0.9699,57.73
19-Apr-21,0.7738,0.6466,0.5585,83.97,5.0497,865.19,0.9675,57.98
20-Apr-21,0.7803,0.6469,0.5574,84.43,5.0667,867.44,0.9746,58.32
21-Apr-21,0.7715,0.6412,0.554,83.33,5.0104,862.2,0.9724,57.78
22-Apr-21,0.7745,0.6436,0.5558,83.68,5.0224,865.36,0.9684,58.15
23-Apr-21,0.7733,0.6428,0.5578,83.43,5.0233,864.77,0.9648,57.92
26-Apr-21,0.7771,0.6419,0.5592,83.77,5.0431,865.05,0.9687,58.09
27-Apr-21,0.7799,0.6458,0.5613,84.4,5.0552,864.99,0.9668,58.12
28-Apr-21,0.7745,0.6416,0.5579,84.33,5.0237,861.2,0.9609,57.64
29-Apr-21,0.7796,0.6424,0.5585,84.69,5.0444,862.52,0.9594,57.75
30-Apr-21,0.7776,0.6417,0.5579,84.63,5.0314,864.98,0.9547,57.57
03-May-21,0.7714,0.6417,0.5585,84.57,4.9947,865.33,0.9488,57.23
04-May-21,0.7743,0.6433,0.5579,84.65,5.0135,867.97,0.9518,57.22
05-May-21,0.7725,0.6431,0.5556,84.49,5.0019,867.25,0.9497,57.08
06-May-21,0.7741,0.6447,0.5566,84.64,5.0159,871.41,0.9493,57.25
07-May-21,0.7777,0.6448,0.5593,84.85,5.0239,871.99,0.9462,57.27
10-May-21,0.7856,0.6465,0.5594,85.5,5.0524,875.36,0.9519,57.65
11-May-21,0.7839,0.6455,0.5549,85.34,5.0398,877.05,0.9477,57.59
12-May-21,0.7795,0.643,0.5522,84.86,5.0194,877.04,0.9449,57.28
13-May-21,0.7709,0.6385,0.5486,84.58,4.9779,872.63,0.9354,56.6
14-May-21,0.7736,0.6395,0.5504,84.71,4.9806,872.76,0.9413,56.75
17-May-21,0.7751,0.6392,0.5503,84.74,4.9906,879.82,0.9399,56.76
18-May-21,0.7787,0.64,0.5497,84.99,5.0062,880.87,0.938,56.91
19-May-21,0.7791,0.6365,0.5487,84.88,5.0066,880.54,0.9401,56.85
20-May-21,0.7749,0.6363,0.5489,84.58,4.9918,878.32,0.9383,56.68
21-May-21,0.7756,0.634,0.5467,84.35,4.9894,873.55,0.9366,56.59
24-May-21,0.7739,0.6349,0.5466,84.19,4.9794,872.68,0.9339,56.43
25-May-21,0.7753,0.6342,0.5469,84.31,4.9714,870.28,0.9339,56.49
26-May-21,0.7787,0.6353,0.5499,84.72,4.981,869.21,0.9383,56.67
27-May-21,0.7748,0.6353,0.5487,84.52,4.9459,865.43,0.9389,56.3
28-May-21,0.7727,0.6346,0.5447,84.92,4.9236,862.02,0.9341,55.96
31-May-21,0.7725,0.6335,0.5444,84.77,4.9214,858.71,0.9331,55.96
01-Jun-21,0.7744,0.6335,0.5443,84.78,4.9341,857.08,0.9334,56.35
02-Jun-21,0.7742,0.6337,0.5471,84.94,4.9421,861.51,0.9345,56.68
03-Jun-21,0.7733,0.6341,0.5464,84.89,4.9412,861.02,0.9318,56.53
04-Jun-21,0.7653,0.6321,0.5432,84.39,4.9035,854.92,0.9278,55.85
07-Jun-21,0.7734,0.6361,0.5472,84.71,4.951,859.98,0.9354,56.28
08-Jun-21,0.7743,0.6358,0.5472,84.77,4.9501,863.06,0.9361,56.4
09-Jun-21,0.774,0.6356,0.5467,84.74,4.9503,863.28,0.937,56.49
10-Jun-21,0.7737,0.636,0.5483,84.75,4.9396,862.92,0.9373,56.46
11-Jun-21,0.7754,0.6362,0.5472,84.84,4.9529,861.27,0.9373,56.57
15-Jun-21,0.7716,0.6363,0.5463,84.91,4.9392,862,0.9362,56.49
16-Jun-21,0.7694,0.6343,0.5461,84.69,4.923,859.3,0.9371,56.43
17-Jun-21,0.7632,0.6359,0.5449,84.44,4.9013,862.58,0.9362,56.25
18-Jun-21,0.7537,0.6331,0.5421,82.94,4.8587,853.14,0.9328,55.89
21-Jun-21,0.75,0.632,0.5431,82.4,4.849,852.23,0.9355,55.61
22-Jun-21,0.7509,0.6314,0.5404,82.96,4.8579,849.97,0.93,55.65
23-Jun-21,0.7545,0.6326,0.5413,83.58,4.8923,857.6,0.9296,56.1
24-Jun-21,0.7569,0.6348,0.5423,83.91,4.903,859.35,0.9317,56.17
25-Jun-21,0.7594,0.636,0.5452,84.17,4.9053,856.28,0.9347,56.33
28-Jun-21,0.7591,0.6365,0.5463,84.01,4.9053,857.92,0.9341,56.32
29-Jun-21,0.7563,0.6344,0.545,83.62,4.8842,853.7,0.9332,56.13
30-Jun-21,0.7518,0.632,0.5429,83.07,4.8553,847.52,0.9318,55.92
01-Jul-21,0.7483,0.6319,0.5417,83.16,4.8387,847.24,0.9281,55.64
